seq	pos	motif	mutations	mut_pos
X	X	GCATCTTTTAGACTTA	0	
0	3	GGATCTGTTGGATTCA	5	|1|9|6|12|14
1	329	CGATCCAATAGACTTA	5	|1|5|0|6|7
2	516	GATGCTTTGAGACTCA	5	|2|8|1|14|3
3	122	ACAACTTTTCGCATTA	5	|0|9|11|12|3
4	403	GAATTTATTACTCTTA	5	|11|10|6|4|1
5	517	GCATTCTTTGGCCTTG	5	|11|15|4|5|9
6	366	CGATCTTTTATACCTC	5	|10|1|0|15|13
7	119	GCAGCTGTTCGTCTTT	5	|6|11|9|15|3
8	495	CCAGCTTGTATTCTTA	5	|10|11|0|7|3
9	142	GCTTATACGAGACTTA	5	|7|2|8|4|6
10	377	GCAACTTGTCAACATA	5	|7|13|9|10|3
11	440	GTTGCTTTTGCACTTA	5	|3|2|9|10|1
12	429	ACATCTTGGAGATTAA	5	|7|8|14|0|12
13	368	GTATAATTCAGACTCA	5	|14|4|1|8|5
14	504	GAAACTCCCAGACTTA	5	|3|1|7|6|8
15	136	TCTTCTCTTATACGTA	5	|13|10|2|6|0
16	440	GCCTCACCTAGACGTA	5	|2|7|5|13|6
17	262	TCGTCACTTAGACCTA	5	|5|6|0|13|2
18	45	GCATCTTCTATATAGA	5	|10|14|13|7|12
19	210	GAAGCTTTTAGATGTG	5	|3|1|15|12|13