seq	pos	motif	mutations	mut_pos
X	X	GGGTCCTCACAGACTG	0	
0	433	GGTTCTACAGCGACTG	5	|10|6|9|2|5
1	407	GGGTCCTACTAGAGTA	5	|7|13|8|9|15
2	579	GTGCCGTCACAGCCCG	5	|1|3|12|5|14
3	461	TCTTCTTCAGAGACTG	5	|9|1|0|2|5
4	141	GGGTTATCACAGAAGC	5	|14|5|15|13|4
5	501	TGGCTGTCACTGACTG	5	|10|3|0|4|5
6	414	GTGTGCTCTCCAACTG	5	|11|10|4|1|8
7	433	GGGTCAGAACAGTCAG	5	|6|5|14|12|7
8	210	GGACCCTCAAAGAGTA	5	|15|2|13|9|3
9	17	GCGCACTCAAAGACCG	5	|14|9|4|3|1
10	23	GGTACCTCAGAGCCTC	5	|12|9|3|2|15
11	216	AGATCCTCACACTCAG	5	|14|0|12|2|11
12	112	GAGTCCTTACGGTCTC	5	|15|1|7|10|12
13	538	GGGTTCTGACGGCGTG	5	|4|7|10|12|13
14	496	GACTCCTCACCAAGTG	5	|2|10|1|13|11
15	377	GGGGTCACACAGTATG	5	|12|6|3|13|4
16	26	CGCCCCTCACCGACCG	5	|0|2|14|3|10
17	462	TGGTTCTCACCCACAG	5	|4|10|14|11|0
18	418	GCGCCGTCACATTCTG	5	|1|12|11|5|3
19	120	ACGTCCGCACAGATTC	5	|6|15|1|0|13