seq	pos	motif	mutations	mut_pos
X	X	ACCGGCTTGTCGTCCA	0	
0	107	ACGGACTTGTCCTACG	5	|13|11|4|15|2
1	414	AACGGCATTTCAACCA	5	|8|12|6|11|1
2	537	ACCTTCCTGCCGACCA	5	|12|4|6|9|3
3	240	GCCGGATTTTCATGCA	5	|5|13|8|0|11
4	224	AACAGTTAGTCGACCA	5	|7|3|1|12|5
5	462	ACCGACTATTCGTAGA	5	|14|7|8|4|13
6	465	ACCGGCATGGTGAGCA	5	|12|9|10|13|6
7	39	ACACGCTGCTCGTTCA	5	|7|13|3|2|8
8	286	TCGGCCTTGACGTCTA	5	|9|14|4|2|0
9	69	ACCGTCGTGTCTCCCG	5	|12|11|6|4|15
10	419	GGCGGCTACTTGTCCA	5	|8|10|0|7|1
11	32	CCCAGCACGTCGCCCA	5	|12|6|3|7|0
12	304	ACCAGCCGGCCTTCCA	5	|7|6|3|11|9
13	211	AGCGGATTGTTCTCCT	5	|11|5|1|10|15
14	573	ACCTGCGCGTGGACCA	5	|12|6|10|3|7
15	67	AAGCGCTGGTTGTCCA	5	|10|3|2|7|1
16	86	ACCGGTTTGTCCCCTC	5	|5|14|11|15|12
17	189	AGTGTCTTGTCGGACA	5	|12|4|1|2|13
18	370	ACCGGCTTATTTTCAT	5	|14|15|11|8|10
19	521	AGAGGGTTTTCCTCCA	5	|5|8|1|11|2