seq	pos	motif	mutations	mut_pos
X	X	GTTCGATAAGAAGGTT	0	
0	24	GTTACGTAAATAGGTT	5	|3|9|4|5|10
1	247	GTTCAATCAGCTTGTT	5	|7|10|12|11|4
2	257	CTTCCAAATAAAGGTT	5	|4|8|6|9|0
3	445	GTCGGATCACAAGGCT	5	|2|9|14|7|3
4	62	GTCCGCTACGTAGTTT	5	|10|5|8|13|2
5	258	CATCGAAAAAAAAGTT	5	|9|0|1|12|6
6	567	GTGGGATAAGGACATT	5	|12|13|2|10|3
7	263	GTACAATAAGTATGAT	5	|12|14|10|4|2
8	492	GAGCGATAAGGCGATT	5	|2|10|1|13|11
9	568	TTTCCATAACAACGTG	5	|15|0|4|12|9
10	75	GTTAGACAAGAATACT	5	|6|14|3|12|13
11	134	GGTCGATAGGACGTGT	5	|8|1|13|14|11
12	99	GTCCGATACGATTTTT	5	|8|2|11|12|13
13	146	GTTTGCGAAGAATGTG	5	|3|12|15|5|6
14	298	GGTCGATAATGAGGAC	5	|15|9|1|14|10
15	137	GTTGGCTAAAAAGAGT	5	|14|5|13|3|9
16	499	GTCCGATACAAACATT	5	|8|12|9|13|2
17	366	GATCGCCAACATGGTT	5	|1|11|9|5|6
18	199	GCACGATATTAATGTT	5	|12|2|1|8|9
19	108	TATAGATAACAAGCTT	5	|3|9|13|0|1