seq	pos	motif	mutations	mut_pos
X	X	CCCGATAGACGATACC	0	
0	574	CCCGAGACGCCACACC	5	|10|12|8|7|5
1	584	GCCGACACTCGGTACC	5	|0|8|5|11|7
2	178	CCCGATAGTGGACCCT	5	|12|13|8|15|9
3	246	CTCGATAGGCGCAACA	5	|8|11|12|1|15
4	101	CCCCTTAGATGATAGG	5	|3|14|15|4|9
5	220	CCACAAGGATGATACC	5	|5|9|2|6|3
6	198	CCCTATAGAACACCCC	5	|9|10|13|3|12
7	195	CCTAACACACGATAAC	5	|7|14|5|3|2
8	575	CCCGAAAGAATGAACC	5	|12|5|9|11|10
9	369	CTAGATGGAGGTTACC	5	|1|11|6|2|9
10	152	CGCGAGAGGCGATATA	5	|15|1|5|14|8
11	84	CCCGATACACGTTCTT	5	|11|15|13|14|7
12	243	CGAAATAGAGGATACT	5	|15|9|3|2|1
13	78	CCCGACAATCTATGCC	5	|5|13|7|8|10
14	102	GGCGATGGACTAGACC	5	|10|12|1|6|0
15	121	TCCGAATTAGGATACC	5	|0|5|7|9|6
16	341	CCTTAAAGACGGTATC	5	|5|14|2|11|3
17	159	CCCGAAAGAATGTACG	5	|5|11|9|10|15
18	418	CACATTCGATGATACC	5	|9|4|3|6|1
19	402	GTCGTAAAACGATACC	5	|5|0|1|7|4