seq	pos	motif	mutations	mut_pos
X	X	TGAGACTAGCACAAGC	0	
0	80	TGAGAGCAGCACCAAT	5	|5|6|12|15|14
1	64	TGCGACAAGCGAAAGA	5	|10|15|11|2|6
2	293	TGACAATAGGACAACA	5	|9|15|14|3|5
3	55	CGAGGAGAGCGCAAGC	5	|0|4|6|10|5
4	247	CGAAAGTAGCATAATC	5	|11|3|5|14|0
5	105	TGAAGCTAGCGCACAC	5	|13|14|4|3|10
6	18	TGAGAGTGAAACAACC	5	|8|14|9|5|7
7	90	TATTACTAGCACAACA	5	|15|14|2|3|1
8	41	CGGGGATAGCACATGC	5	|5|4|2|13|0
9	253	TGCGCCTATCCCACGC	5	|10|8|4|13|2
10	345	TCAGTCTTGGACAAAC	5	|14|9|1|7|4
11	285	TTGGACTACCACAATT	5	|8|15|14|2|1
12	177	CCAGACTATCACAAAG	5	|0|8|1|15|14
13	262	GGAGCCTAATACACGC	5	|0|8|4|9|13
14	72	TGATACAATCACAGAC	5	|13|14|3|6|8
15	258	CCAGACGATCACAACC	5	|6|8|0|14|1
16	250	AAAGTCACGCACAAGC	5	|0|4|1|6|7
17	479	TGGGAATATCGCAAGG	5	|5|2|15|10|8
18	428	TCGTACGAGCACTAGC	5	|1|12|2|6|3
19	314	TGATACCAGGACTAGT	5	|15|6|12|3|9