seq	pos	motif	mutations	mut_pos
X	X	AGCGGGCGCGCCGATA	0	
0	119	AGCAGCAGCGCCAATG	5	|12|15|6|5|3
1	376	ACCGGATGAGCGGATA	5	|1|11|8|6|5
2	102	AGCGAGTACTCCGAGA	5	|6|4|9|14|7
3	78	GGCGAGGACGCCCATA	5	|6|4|0|7|12
4	95	CGTGTCCGCGTCGATA	5	|2|4|5|10|0
5	67	TGCGGGTGGGCCAGTA	5	|8|6|13|12|0
6	127	ACAGGGCGACCTGATA	5	|1|11|9|2|8
7	374	AGCGTCTGTGCCGACA	5	|5|4|8|14|6
8	54	AGCGGGCGCACGTGTG	5	|13|12|9|15|11
9	341	ACCGGGCCCCCCAACA	5	|14|1|9|12|7
10	332	CGGGGGCCCGCCGGCA	5	|0|14|2|13|7
11	526	AGTGGACGCGGGAATA	5	|11|5|12|2|10
12	539	AACGTGAGAGCCGATT	5	|15|6|8|1|4
13	348	AGACGGGGCGCCGAGT	5	|2|3|15|6|14
14	145	TGCGGACGCACGGAAA	5	|9|0|14|11|5
15	222	AGCGGGCGCGTCTTGG	5	|14|13|15|10|12
16	493	GCCGGCACCGCCGATA	5	|7|1|6|5|0
17	69	TGAAGACGCGCCGATG	5	|0|2|15|3|5
18	315	AGCGGACACGCTGGTG	5	|15|13|7|5|11
19	424	AGCAAGCGAACCGAAA	5	|9|14|4|8|3