seq	pos	motif	mutations	mut_pos
X	X	ACCTTTAATACTTCGA	0	
0	361	ACCTTTCACACTCGTA	5	|8|12|14|6|13
1	472	TCCTGGAATACGTCGG	5	|11|15|0|4|5
2	418	ACCATAGATATGTCGA	5	|3|11|6|10|5
3	337	ACCTATAGTTCTTAAA	5	|9|13|7|14|4
4	55	ACATGTAACATTGCGA	5	|10|8|4|2|12
5	305	AGTCGTAATTCTTCGA	5	|3|2|4|1|9
6	424	ACATTGAATAGGTCGG	5	|5|15|10|11|2
7	446	ATCTTTAATAATCCTC	5	|12|14|15|10|1
8	190	ATCTCTGAGACTTAGA	5	|6|4|13|8|1
9	293	AGCGTTGACACATCGA	5	|6|1|11|3|8
10	419	ACTCTTAAGAGTGCGA	5	|12|8|3|10|2
11	344	ACCTTTGATACGGGCA	5	|6|14|11|13|12
12	63	AGCCTTAATCCAACGA	5	|9|12|1|11|3
13	540	CCATTTCAAACTCCGA	5	|6|12|8|0|2
14	200	ACCTATAAGACTTTAG	5	|14|15|4|8|13
15	552	CCCTTGAAGTCTTCGC	5	|9|15|8|0|5
16	47	AACTCTACTAATTTGA	5	|1|4|7|10|13
17	53	ACCATGAAAACTTTAA	5	|8|3|14|13|5
18	16	ACATGTAACACTTCTT	5	|4|2|8|14|15
19	435	ATCTTTAATACAACAT	5	|11|12|15|14|1