seq	pos	motif	mutations	mut_pos
X	X	AGGCGGAGGGGCAGTT	0	
0	313	TGGGCGAGGGTCAGTG	5	|10|3|4|15|0
1	146	ACAGGGAGGGGAGGTT	5	|3|12|2|11|1
2	157	ATGGGGGGGAGCACTT	5	|9|6|13|3|1
3	64	GCCCCGACGGGCAGTT	5	|0|4|1|7|2
4	184	ACTCGCAGGGTCAGTC	5	|1|10|5|2|15
5	545	ATACGGAGAGTCACTT	5	|10|2|13|8|1
6	465	AGAAGGAGGGCCACCT	5	|13|2|14|3|10
7	308	AGGCGGGTGGGAATTG	5	|11|7|6|15|13
8	503	AGGTGCAGAGGCAACT	5	|13|5|3|8|14
9	165	GTGCCGAGGGGCTGTC	5	|1|0|15|4|12
10	252	ATGTCGAGGGCTAGTT	5	|4|1|3|10|11
11	382	AGCGGGACGGGCAGGA	5	|14|3|2|15|7
12	313	ACGCGCAGGTGCAGCC	5	|15|1|14|9|5
13	344	AGGCTTGGGCGCAGTG	5	|5|15|4|6|9
14	297	AGGCGGTGCGACCATT	5	|12|10|6|8|13
15	415	CGGCGCAGTGATAGTT	5	|5|0|8|10|11
16	71	AGACGGATGGGCTGAA	5	|15|7|2|14|12
17	326	ACTCGCAGGTGCAGGT	5	|9|2|1|14|5
18	395	AGGGAACGGGACAGTT	5	|6|3|4|10|5
19	180	ACGCTTAGGGGCATGT	5	|13|4|14|1|5