seq	pos	motif	mutations	mut_pos
X	X	AAACAAGCAGATACTG	0	
0	94	AGCCAATCAGGTACGG	5	|2|1|10|14|6
1	573	AGGCCATGAGATACTG	5	|2|7|4|6|1
2	361	AATCAAGCCGATCATC	5	|13|12|8|2|15
3	32	AAACTAGCAGTGACGC	5	|15|14|11|4|10
4	466	AAACAAACCGAAGTTG	5	|13|12|6|11|8
5	283	GAACATGCGGAAACTC	5	|0|8|5|15|11
6	550	ATATACACAGGTACTG	5	|1|10|6|5|3
7	236	AGAGAAGCAGCTAACG	5	|3|14|13|10|1
8	145	CAACAAGCAAACAACG	5	|0|9|13|14|11
9	478	AAAGAGGGAGATATCG	5	|13|7|3|5|14
10	228	GTACAAGCTGATATCG	5	|13|0|8|1|14
11	468	TTACAAGCAAACACTT	5	|0|11|15|9|1
12	571	ACCCAAGAAGAGACTC	5	|7|2|11|15|1
13	90	GAACTTGCAGAGAATG	5	|5|4|0|11|13
14	374	CAAACAGAATATACTG	5	|0|3|9|4|7
15	273	TTATAAGCAGACTCTG	5	|0|11|3|12|1
16	478	AAAGAAGCAAGTGTTG	5	|9|12|10|13|3
17	325	ACACAAGAAGAAACCC	5	|15|11|1|14|7
18	347	ATACAAGAATGTACGG	5	|9|7|10|14|1
19	553	AACAAACCATATTCTG	5	|2|6|12|3|9