seq	pos	motif	mutations	mut_pos
X	X	GCACCGAGAGGCC	0	
0	16	GCAACGAGACGCG	3	|3|9|12
1	375	GCACCGAGACGTA	3	|9|12|11
2	390	GCTCTGTGAGGCC	3	|4|6|2
3	26	GCACTAAGAGGGC	3	|11|5|4
4	162	GCACAGAGGGACC	3	|10|8|4
5	224	GCACAGATCGGCC	3	|4|8|7
6	13	GGACCACGAGGCC	3	|1|6|5
7	462	CCACTGAGAAGCC	3	|9|4|0
8	405	GCGCCGTGAGGCA	3	|12|6|2
9	7	GCTCAGAGAGACC	3	|10|2|4
10	147	GCACAGACAGGCA	3	|7|12|4
11	144	GCACCTATATGCC	3	|9|7|5
12	257	GCACGGAGGCGCC	3	|4|8|9
13	433	CCACCCAGAGGCA	3	|5|12|0
14	220	TTACCGAGAGTCC	3	|0|1|10
15	471	TCAGCGAGATGCC	3	|9|0|3
16	366	CCACAGAGAGGCG	3	|0|4|12
17	105	GCACCGAGCGATC	3	|10|8|11
18	9	GAGCCGAGATGCC	3	|9|1|2
19	82	GCACCACGGGGCC	3	|8|5|6