seq	pos	motif	mutations	mut_pos
X	X	ATAAACTAGACCG	0	
0	288	GTAGACTAGACTG	3	|0|11|3
1	52	ATTAACGAGGCCG	3	|2|9|6
2	365	AGAAACTAGACAT	3	|12|1|11
3	86	ATAAATTATAGCG	3	|8|10|5
4	393	ACAAACTAGACAT	3	|11|12|1
5	42	CTAAACCAGACGG	3	|0|6|11
6	208	ATAGACTAGACTA	3	|12|3|11
7	479	AGAAGCTAGGCCG	3	|4|9|1
8	215	AGAATCTAGACAG	3	|1|4|11
9	343	ATAAGGTAGCCCG	3	|5|4|9
10	553	AGGAACTAGGCCG	3	|2|9|1
11	174	ATAAACTCGGCCT	3	|9|12|7
12	272	AGAACATAGACCG	3	|5|1|4
13	81	TTAAAGTAGAACG	3	|10|0|5
14	464	ATAAGCTCGCCCG	3	|9|7|4
15	165	ATAAAGTACCCCG	3	|9|8|5
16	488	ATATACTTGATCG	3	|7|10|3
17	251	GTAAACTGCACCG	3	|8|0|7
18	504	AGGAACTAGACCT	3	|2|1|12
19	130	GTAAACTACATCG	3	|8|10|0