seq	pos	motif	mutations	mut_pos
X	X	ATCACAACATGAA	0	
0	72	GTCACCGCATGAA	3	|0|5|6
1	74	ATAGCGACATGAA	3	|3|2|5
2	397	CTCCCAACATCAA	3	|3|10|0
3	445	ACCACGAGATGAA	3	|5|7|1
4	51	ACCACAACAAAAA	3	|1|10|9
5	321	GTCAAAACATTAA	3	|4|10|0
6	579	ATCATAATATTAA	3	|10|4|7
7	320	ATAACCGCATGAA	3	|5|2|6
8	531	ATCACGGCATAAA	3	|10|6|5
9	79	ATCACCACGTAAA	3	|10|8|5
10	64	ATCAGTACGTGAA	3	|5|4|8
11	497	ATCACAACGCGTA	3	|11|8|9
12	249	ATCCGAACATGGA	3	|4|11|3
13	173	AACACTTCATGAA	3	|6|5|1
14	438	AGCACAACACAAA	3	|10|9|1
15	100	CTCACAACATTGA	3	|10|11|0
16	206	ATGACATCATAAA	3	|10|6|2
17	127	AACAGAACATCAA	3	|4|1|10
18	434	ATCACGTCATGAC	3	|12|6|5
19	328	AACACAGCATGTA	3	|1|11|6