seq	pos	motif	mutations	mut_pos
X	X	GAGCGTTATCCGT	0	
0	446	GGGCGTTGTCCAT	3	|7|1|11
1	216	TAGCGTTATCGTT	3	|10|11|0
2	220	GCGAGATATCCGT	3	|5|1|3
3	277	GCGCGTAATCAGT	3	|6|1|10
4	520	CAGCCTTACCCGT	3	|0|8|4
5	161	GACCGTTACCCGA	3	|8|12|2
6	49	TAGCGTTTTCCTT	3	|11|7|0
7	6	TAGCGATATGCGT	3	|0|9|5
8	564	GACCGTTCCCCGT	3	|7|8|2
9	66	GAGCGTTTTTCGG	3	|12|7|9
10	414	GTGTGTTATCCCT	3	|11|3|1
11	3	GAGCGTTACACAT	3	|11|9|8
12	155	GAGCGTTTACTGT	3	|8|10|7
13	350	GAGCCTGATCTGT	3	|10|4|6
14	206	GAGCGTGAACCGA	3	|8|6|12
15	492	GCGCGTTAGGCGT	3	|9|1|8
16	76	GAGCGTTGTCCCA	3	|7|12|11
17	278	GGGTGTTATGCGT	3	|9|1|3
18	65	GAGCGAGATCCGC	3	|6|5|12
19	30	AGGCGTTATGCGT	3	|9|0|1