seq	pos	motif	mutations	mut_pos
X	X	CTGGATTTGTATG	0	
0	527	TTGGATTGGTATA	3	|0|7|12
1	444	CTAGATTTGAATT	3	|12|2|9
2	479	TTGGATTGGTCTG	3	|0|10|7
3	561	TTGGATCGGTATG	3	|7|0|6
4	496	CTGGATTTAGCTG	3	|10|8|9
5	14	TTGGATTTGAAGG	3	|11|9|0
6	554	CACGATTTGAATG	3	|1|9|2
7	51	TTGGATTTGCATC	3	|0|12|9
8	377	CTGGATGGGTATC	3	|7|12|6
9	288	CTGGTTTCATATG	3	|7|8|4
10	384	CTGGCTCTGTCTG	3	|6|10|4
11	252	CTGCCATTGTATG	3	|4|5|3
12	559	CTAGATTTGTACT	3	|11|2|12
13	412	CTGGGTTTGGAAG	3	|4|9|11
14	22	CCGTGTTTGTATG	3	|4|3|1
15	44	CGAGATTTGTATC	3	|1|12|2
16	161	CTGGATTTAGTTG	3	|8|10|9
17	173	CTGCATTGGTAAG	3	|7|11|3
18	419	CCGGCTTGGTATG	3	|4|1|7
19	254	CTGGATTGGTGTA	3	|12|10|7