seq	pos	motif	mutations	mut_pos
X	X	ACGTTTAGGCTCG	0	
0	449	ACGATAATGCTCG	3	|5|3|7
1	208	ACGTAAGGGCTCG	3	|6|4|5
2	438	CCTTTTAGGCTGG	3	|2|0|11
3	492	ACGTTTATGCCGG	3	|10|7|11
4	242	AGCTATAGGCTCG	3	|1|2|4
5	526	GCCTTTAGCCTCG	3	|2|8|0
6	557	AAGGTTAGGCCCG	3	|10|3|1
7	377	GTGTTTTGGCTCG	3	|1|0|6
8	556	ACGTTTAGGCCGA	3	|12|11|10
9	448	ATGGTTAGGGTCG	3	|1|3|9
10	456	CCGTTTAGTCGCG	3	|0|8|10
11	243	AGGCTTAGGCACG	3	|10|3|1
12	290	AACATTAGGCTCG	3	|3|2|1
13	190	ACGTTTCGCCACG	3	|6|8|10
14	76	GTGTTTAGGCTCA	3	|1|12|0
15	272	ACGATTAGGCGCA	3	|10|12|3
16	309	ACGATTACCCTCG	3	|8|7|3
17	257	GCGCTTAGCCTCG	3	|8|3|0
18	123	ACGATGAGGATCG	3	|3|9|5
19	504	ACGTTTTAGGTCG	3	|7|9|6