seq	pos	motif	mutations	mut_pos
X	X	CTCAGCGGCTTGA	0	
0	13	CTTAGCGGAATGA	3	|8|2|9
1	37	CTCAGCGGCTGAT	3	|11|12|10
2	414	ATCAGCCGCTTGG	3	|0|6|12
3	130	CTCAGCTGCTGCA	3	|11|6|10
4	14	ATCAACAGCTTGA	3	|0|4|6
5	63	CTGAGTTGCTTGA	3	|2|6|5
6	177	CTCGGCAGGTTGA	3	|3|6|8
7	383	CTCCGTGGCGTGA	3	|5|9|3
8	532	ACCAGCAGCTTGA	3	|6|0|1
9	496	CTTCACGGCTTGA	3	|4|2|3
10	524	CACTACGGCTTGA	3	|3|4|1
11	377	CTCGGCGGCGTCA	3	|3|9|11
12	6	CTTAGCTGCATGA	3	|2|9|6
13	204	CGCAGCTCCTTGA	3	|6|7|1
14	85	CTCAGACGCGTGA	3	|9|5|6
15	567	CTCATCGGCCGGA	3	|4|9|10
16	531	CTCAGCCTCTGGA	3	|7|10|6
17	390	CTCTGCGGATAGA	3	|10|8|3
18	220	TACAGCGGCTTTA	3	|0|1|11
19	492	CTCAGCGTCGTTA	3	|7|9|11