seq	pos	motif	mutations	mut_pos
X	X	TAATCGGCGGTTA	0	
0	84	TATACGGCGGTTT	3	|2|12|3
1	299	TCATCGCTGGTTA	3	|1|6|7
2	89	TAACCGTCGGTAA	3	|3|11|6
3	414	TAATGTGGGGTTA	3	|5|7|4
4	89	TCATCGAGGGTTA	3	|6|1|7
5	334	TATTCGTCGGGTA	3	|10|2|6
6	318	TAATCGGAAGTTC	3	|8|7|12
7	456	TAACCGGCGCGTA	3	|10|9|3
8	185	AAATCGGCATTTA	3	|9|8|0
9	499	CAATCGCCGGTTG	3	|6|12|0
10	494	TAGTACGCGGTTA	3	|5|4|2
11	188	TAATTCGCAGTTA	3	|8|4|5
12	49	TAGTCGGCGGGAA	3	|2|11|10
13	293	TTATCGGAGGTTC	3	|1|12|7
14	480	CAATCAGGGGTTA	3	|0|5|7
15	455	TAATCGGCCCTTG	3	|12|8|9
16	201	GAGTCGGCTGTTA	3	|8|0|2
17	369	TAATCGGCCATGA	3	|8|9|11
18	472	TAAGCGGCAGTTG	3	|12|8|3
19	45	CAATCAGAGGTTA	3	|7|5|0