seq	pos	motif	mutations	mut_pos
X	X	TCCAGATCCACTC	0	
0	194	TCCACAGCCAGTC	3	|6|10|4
1	376	CCCAAAACCACTC	3	|0|4|6
2	57	TTCTGCTCCACTC	3	|1|5|3
3	77	TCCAGTTTCACAC	3	|11|5|7
4	170	TCCCAATTCACTC	3	|3|7|4
5	223	TCCGGAACCACTA	3	|6|12|3
6	461	TCCCGAGACACTC	3	|3|6|7
7	551	GCCATATCGACTC	3	|0|8|4
8	147	CCCAGATCAACGC	3	|8|11|0
9	441	GCCAGATCCGTTC	3	|10|9|0
10	421	TCTGTATCCACTC	3	|3|2|4
11	226	TCCAGGTCCTCTT	3	|5|9|12
12	75	TCGAGAACCACTA	3	|6|12|2
13	86	TCGCGACCCACTC	3	|2|3|6
14	292	TCTAGCTCAACTC	3	|5|2|8
15	566	ACCAGGTCCATTC	3	|0|10|5
16	434	TCCCGGTCCACTG	3	|5|3|12
17	11	TCCAAAAACACTC	3	|6|7|4
18	568	ACCTGATGCACTC	3	|3|0|7
19	270	TCGAGATGCACCC	3	|2|11|7