seq	pos	motif	mutations	mut_pos
X	X	TTGAGTCATGTGT	0	
0	35	TTGAATCATATTT	3	|9|11|4
1	385	GTGAGTCAGTTGT	3	|8|0|9
2	576	TTGAGTCGTGCCT	3	|10|7|11
3	358	TTGTGTCATGTAA	3	|12|11|3
4	51	TTAGGTCATGTGG	3	|12|2|3
5	86	CTGACTCTTGTGT	3	|0|7|4
6	575	TTGTACCATGTGT	3	|5|4|3
7	189	ATGAATGATGTGT	3	|0|6|4
8	277	TTGCGTCCTGTGA	3	|12|3|7
9	495	TTGAGTCATCAAT	3	|11|9|10
10	325	TCCAGTCATGTGC	3	|2|1|12
11	112	TTGGGTCGCGTGT	3	|8|7|3
12	335	CAGAGTCAGGTGT	3	|1|8|0
13	161	GTGAGAGATGTGT	3	|6|5|0
14	335	ATGAATCATGAGT	3	|0|4|10
15	42	CTGAGGCATGGGT	3	|5|0|10
16	470	TTCAGTGAAGTGT	3	|8|2|6
17	488	TTAAGTTAAGTGT	3	|6|8|2
18	521	TTGTGTCGTGCGT	3	|7|10|3
19	180	TTGAGACTTGTGA	3	|12|5|7