seq	pos	motif	mutations	mut_pos
X	X	TATCTGCGCCATC	0	
0	361	AATCAGCGGCATC	3	|0|8|4
1	487	TATTTGCGACTTC	3	|8|3|10
2	15	GATTTGCGCCACC	3	|3|11|0
3	249	GGGCTGCGCCATC	3	|0|1|2
4	576	TCAATGCGCCATC	3	|1|3|2
5	287	TCTCTGCGCCGGC	3	|10|1|11
6	346	AATCAGCGCAATC	3	|4|9|0
7	434	TTTGTGCTCCATC	3	|7|3|1
8	517	AATGGGCGCCATC	3	|3|4|0
9	264	TACATGCGCCCTC	3	|2|3|10
10	32	TATAGGCGCCGTC	3	|3|4|10
11	392	TATCTGCGACGAC	3	|10|11|8
12	190	TATCTACCCCATA	3	|5|7|12
13	129	GATCACCGCCATC	3	|4|0|5
14	564	TCACTGCGCCATT	3	|12|1|2
15	195	TACCTGGACCATC	3	|2|7|6
16	454	TGTGTGCTCCATC	3	|1|3|7
17	440	TATCTCCCCCATA	3	|5|12|7
18	117	TATCTGGGCTCTC	3	|6|10|9
19	141	TATCCTCGCCAGC	3	|11|5|4