seq	pos	motif	mutations	mut_pos
X	X	TCGTATATTGGGC	0	
0	282	TCGAATATCGGGG	3	|3|8|12
1	352	CCGTATATTGCCC	3	|11|10|0
2	276	TCGTGTAGTTGGC	3	|4|9|7
3	406	TCGTAGATTGGTA	3	|5|11|12
4	375	TCGTCTACTCGGC	3	|4|9|7
5	329	TCCTATATATGGC	3	|8|9|2
6	393	TCGGATATTTGCC	3	|9|11|3
7	14	ACGTTTATTAGGC	3	|4|9|0
8	134	TCGTATAATGGCA	3	|11|7|12
9	207	TCGTCTATTCGTC	3	|11|4|9
10	78	TCGAATCTTTGGC	3	|3|9|6
11	107	TCATACATAGGGC	3	|2|5|8
12	342	TGGTATTTTGGGA	3	|12|1|6
13	39	CCGAATATGGGGC	3	|8|3|0
14	335	TCTTATAGTGGTC	3	|7|2|11
15	493	TCGAATGTTGGAC	3	|6|11|3
16	324	ACGTCTATTGGCC	3	|0|11|4
17	532	TCGTTTACTCGGC	3	|7|4|9
18	437	TCTTTGATTGGGC	3	|4|2|5
19	58	TCGTAAATAGCGC	3	|10|5|8