seq	pos	motif	mutations	mut_pos
X	X	GCATATTTGAGCA	0	
0	522	CCATATCTGAGAA	3	|11|6|0
1	473	GTATATATGAGCC	3	|6|12|1
2	447	GCGTATATGAGCC	3	|12|2|6
3	386	GCCTCTTCGAGCA	3	|7|4|2
4	141	TCATATTTCAGTA	3	|8|11|0
5	14	GAAGATTTGCGCA	3	|1|3|9
6	63	TCATATTTACGCA	3	|8|0|9
7	479	GCATATTTACACA	3	|9|8|10
8	336	TCATAATTGAGTA	3	|5|0|11
9	76	GTATATTTCAACA	3	|8|1|10
10	17	GCATTTTTGTTCA	3	|9|10|4
11	421	TCATATGTGGGCA	3	|9|6|0
12	334	CCATTCTTGAGCA	3	|0|5|4
13	335	GCATAGTCGAGCC	3	|7|5|12
14	447	GATTATTTCAGCA	3	|2|8|1
15	267	GCATCTTTGGACA	3	|4|10|9
16	278	GCATATCTAAACA	3	|6|8|10
17	450	GCATATGTGCGCG	3	|12|9|6
18	293	TCTTATTTGAACA	3	|0|10|2
19	495	GCCTACTGGAGCA	3	|5|2|7