seq	pos	motif	mutations	mut_pos
X	X	AGCGAACACGTAA	0	
0	568	TGTGAAGACGTAA	3	|6|0|2
1	485	AGCGACCACCGAA	3	|10|5|9
2	97	AGGCAACCCGTAA	3	|3|2|7
3	36	AGCTAACTCGCAA	3	|10|7|3
4	225	CGCGAACACGATA	3	|11|10|0
5	288	AGGAAAGACGTAA	3	|2|3|6
6	558	AGCGAACTCGCCA	3	|11|10|7
7	389	TGCAAACACGTGA	3	|3|11|0
8	576	AGTTAACACGTAT	3	|2|3|12
9	407	AGGGAAGACGCAA	3	|2|6|10
10	519	AGGGAACAGATAA	3	|2|9|8
11	68	AGCGGCCACGGAA	3	|4|10|5
12	152	TGCGAACCCTTAA	3	|0|7|9
13	224	TGCGGACAAGTAA	3	|4|0|8
14	580	AGCGAAAACTTTA	3	|6|11|9
15	394	AGGGAACATGTGA	3	|11|2|8
16	560	AGCGAAGACGTTG	3	|12|6|11
17	505	GACGAACACGCAA	3	|1|10|0
18	431	AGCTGACACGCAA	3	|10|3|4
19	34	AGCCAACAAGCAA	3	|10|8|3