seq	pos	motif	mutations	mut_pos
X	X	CGGGCTAGTAAGG	0	
0	342	CCGACTAGTATGG	3	|3|1|10
1	47	CGGACTACTCAGG	3	|3|7|9
2	227	CAGGCCAGTAAAG	3	|1|11|5
3	222	CGGTCTAGGGAGG	3	|9|8|3
4	514	CGGGCTACTTTGG	3	|7|10|9
5	112	CTGAATAGTAAGG	3	|4|1|3
6	178	CGGGATAGTACTG	3	|11|10|4
7	468	GGGGCTATTAAGA	3	|7|12|0
8	215	CGCGCATGTAAGG	3	|5|2|6
9	539	CGTGCTATTGAGG	3	|7|9|2
10	57	CAATCTAGTAAGG	3	|3|1|2
11	165	AAGTCTAGTAAGG	3	|1|0|3
12	100	CGGTCGAGTACGG	3	|5|3|10
13	561	CGGAGTATTAAGG	3	|4|3|7
14	80	GGGTATAGTAAGG	3	|4|0|3
15	291	TGGGCTAGAAAGT	3	|8|12|0
16	304	CGAGCAAGTAACG	3	|11|2|5
17	74	AGGGCTGGTAGGG	3	|0|10|6
18	274	CGTGTTAGTACGG	3	|10|2|4
19	287	CACGCTAGTCAGG	3	|2|9|1