seq	pos	motif	mutations	mut_pos
X	X	AGCCTATTAACGG	0	
0	559	TTCCTATTAAAGG	3	|1|0|10
1	493	AGCCTATCAATGC	3	|12|10|7
2	523	TGGCTCTTAACGG	3	|5|0|2
3	77	AGCTTATTAACTA	3	|11|3|12
4	225	AGCCAATAAAGGG	3	|7|10|4
5	533	AGCCGGTCAACGG	3	|4|7|5
6	5	GGTATATTAACGG	3	|0|2|3
7	379	AGACAATGAACGG	3	|7|2|4
8	282	AGCCTAGTGAAGG	3	|8|6|10
9	151	CGCCTATTCTCGG	3	|0|8|9
10	329	AGCCTATTGCCCG	3	|11|9|8
11	386	AGCCTACTAGCCG	3	|9|6|11
12	456	AGCCTCTTGAGGG	3	|8|5|10
13	372	ACCCCATTAGCGG	3	|1|9|4
14	160	AGCCTTCTAACGT	3	|6|12|5
15	477	AGGCTATTAAACG	3	|11|2|10
16	284	AGCCGATACACGG	3	|8|7|4
17	446	ATCCTCTTAACGT	3	|1|12|5
18	561	GGTCTATTAATGG	3	|0|10|2
19	104	AGGCTATTAAAAG	3	|11|10|2