seq	pos	motif	mutations	mut_pos
X	X	AGGCGGGTAGACG	0	
0	116	ACACGGGTAGTCG	3	|1|10|2
1	393	TGGCGGTTAAACG	3	|0|9|6
2	493	AGGCGGTTCGCCG	3	|8|6|10
3	495	AGGAGGACAGACG	3	|6|7|3
4	288	AGGGGGGTCCACG	3	|3|8|9
5	573	AGACGGGCAGAAG	3	|11|2|7
6	51	ACGCGGGTAGTTG	3	|11|1|10
7	421	AGACGGGCGGACG	3	|7|8|2
8	540	AGGCGACTAAACG	3	|5|6|9
9	103	GCGCGGGTGGACG	3	|0|1|8
10	74	AGGGGGGTATAAG	3	|11|9|3
11	133	AGGCGGGTAACCT	3	|12|10|9
12	455	CAGCGGGTAGCCG	3	|10|1|0
13	70	AGTCGAGTACACG	3	|2|9|5
14	296	AGACGGGGAGACT	3	|7|2|12
15	128	AGGTGGGCAGAGG	3	|3|7|11
16	394	AAGCGCGTAGATG	3	|1|5|11
17	574	ACGCGGGTACCCG	3	|10|1|9
18	153	AGTCGGGGAGCCG	3	|2|7|10
19	478	GGGCGGGTAGTCT	3	|10|0|12