seq	pos	motif	mutations	mut_pos
X	X	TAGTTACTAATTA	0	
0	416	TAATCACTTATTA	3	|4|8|2
1	302	TTGTTGCTAGTTA	3	|9|5|1
2	151	TAGTGACTAATGT	3	|4|11|12
3	426	TAGTAACGAGTTA	3	|9|7|4
4	76	TGAATACTAATTA	3	|1|2|3
5	152	AAATTACTAATCA	3	|2|0|11
6	199	TACTTACTACTTC	3	|12|2|9
7	359	TAGTTGCCAACTA	3	|7|5|10
8	176	TACTTCCTGATTA	3	|5|2|8
9	220	TAGGAACTAATAA	3	|4|11|3
10	398	TGGTTACCAATCA	3	|7|11|1
11	494	TAGTGATTAAATA	3	|4|10|6
12	514	TAGTTCCAAAATA	3	|10|5|7
13	168	TTGTGTCTAATTA	3	|1|5|4
14	166	TGGTTACTAATGC	3	|1|12|11
15	272	TACCTACTAATGA	3	|2|11|3
16	298	TAGCTACCTATTA	3	|8|7|3
17	237	TACTAACTAATTG	3	|4|12|2
18	222	TAGATACGATTTA	3	|3|9|7
19	296	TTCTTCCTAATTA	3	|1|5|2