seq	pos	motif	mutations	mut_pos
X	X	GAACGGACACATA	0	
0	343	GAACAGGCAAATA	3	|6|9|4
1	196	GGACTCACACATA	3	|1|5|4
2	370	GAATAGCCACATA	3	|3|6|4
3	483	GAACAGAGAGATA	3	|7|9|4
4	97	GAAGTGAGACATA	3	|3|7|4
5	53	GATACGACACATA	3	|3|4|2
6	377	GAATAGACATATA	3	|4|9|3
7	123	GAACGAACACACT	3	|11|5|12
8	60	GAACCTACAAATA	3	|5|4|9
9	374	GAACTGTCACATT	3	|12|4|6
10	146	TAAAGGACTCATA	3	|3|8|0
11	572	GAAGGCACACATG	3	|5|12|3
12	303	GAACCTACCCATA	3	|4|5|8
13	69	GAAGGGACACCCA	3	|11|10|3
14	55	GCACTGAAACATA	3	|1|4|7
15	440	GCACGGCCACATG	3	|6|1|12
16	160	GGACTCACACATA	3	|5|4|1
17	314	GAACTGGTACATA	3	|4|7|6
18	57	GAAAGGACTGATA	3	|8|3|9
19	7	TAACGGAGTCATA	3	|8|7|0