seq	pos	motif	mutations	mut_pos
X	X	AACCTGCTTCCAT	0	
0	532	ACGCTGCTTCTAT	3	|1|2|10
1	28	AGCATGCTTCCGT	3	|3|11|1
2	402	AACCCGCAGCCAT	3	|8|7|4
3	43	AACCTGCTCCTAG	3	|12|10|8
4	548	ATAATGCTTCCAT	3	|2|1|3
5	107	CACCTGTTACCAT	3	|6|8|0
6	495	AACTTAATTCCAT	3	|3|6|5
7	274	CACACGCTTCCAT	3	|0|4|3
8	254	TACCTGCTTCGTT	3	|10|0|11
9	418	ATCCTGCTCACAT	3	|8|1|9
10	54	CACCTGCTTGCCT	3	|9|0|11
11	365	AGCCTACTTACAT	3	|1|5|9
12	245	AACCTGTTCGCAT	3	|6|8|9
13	180	AACCCGCATCAAT	3	|10|7|4
14	577	ACCTTGCTGCCAT	3	|3|1|8
15	487	AACCTCATTCCAG	3	|6|5|12
16	512	AACATGCGTCGAT	3	|3|10|7
17	223	AGCCCGTTTCCAT	3	|1|4|6
18	499	ATCCTGCTTGCAA	3	|1|9|12
19	399	AACCTCCTACCAC	3	|5|12|8