seq	pos	motif	mutations	mut_pos
X	X	GTAAATGGCCGCGC	0	
0	466	CGAAAAGGCCGTGC	4	|1|0|11|5
1	93	GTAGATGGAGGCAC	4	|8|12|3|9
2	456	GGAAAGGGCAGCCC	4	|5|1|12|9
3	250	GTTATTGGACTCGC	4	|2|10|8|4
4	36	GTGGGTGGCAGCGC	4	|3|9|2|4
5	306	CTAAATGCCCGCAA	4	|7|12|13|0
6	333	GTAGAAGCCTGCGC	4	|3|9|7|5
7	209	GTAAATGTTCGCCG	4	|13|12|7|8
8	582	GTAATCGACCTCGC	4	|4|10|5|7
9	570	ATCCATGGCGGCGC	4	|0|2|3|9
10	568	GGAACTGTCCGAGC	4	|11|7|4|1
11	547	TTAAATGTACGCAC	4	|7|8|0|12
12	279	GTAAATAGCAGGGA	4	|9|13|11|6
13	242	GTATATAGGCGCGT	4	|13|3|8|6
14	275	GTAAATGGCTCAGA	4	|11|10|13|9
15	65	GTAAATATCCCCTC	4	|7|12|6|10
16	217	CTAAATGGTGGCTC	4	|9|0|8|12
17	437	CTTAAGAGCCGCGC	4	|6|0|2|5
18	495	GAAAAGGTCCACGC	4	|5|7|1|10
19	268	TAAAAGGGCCGCCC	4	|5|0|12|1