seq	pos	motif	mutations	mut_pos
X	X	GAGAGTGCGTACTT	0	
0	469	CAAAGGGAGTACTT	4	|2|0|5|7
1	14	GCGAGTGCACACTG	4	|8|1|9|13
2	170	AAGACTGCATTCTT	4	|4|10|8|0
3	469	GGGAGTACGTATGT	4	|12|11|1|6
4	346	GAGAGTGTGAGATT	4	|7|10|9|11
5	10	AAGAGTATGTAATT	4	|0|7|6|11
6	583	GAGAGGTCGTAGTA	4	|11|6|13|5
7	160	GAAAGTTGGTACTA	4	|6|13|7|2
8	179	GAGTGTGCGTGATA	4	|10|11|3|13
9	216	GAGAGAGCTTATGT	4	|8|12|5|11
10	416	GAGAGGACCTGCTT	4	|6|10|8|5
11	173	GGAAGTGGGTACCT	4	|12|1|2|7
12	161	GAGTGTGCGCTCTA	4	|10|9|13|3
13	283	GTGAGTCCGTCCGT	4	|1|12|6|10
14	321	GAGAAGGCCTCCTT	4	|4|8|5|10
15	262	GAGCGTTGGTACCT	4	|6|12|3|7
16	145	GACCGTCCTTACTT	4	|2|6|3|8
17	251	GAAAGTGCCGACAT	4	|8|2|12|9
18	426	GAGAGCACGCACTG	4	|13|5|6|9
19	308	GAGATTGCCTACCG	4	|4|8|12|13