seq	pos	motif	mutations	mut_pos
X	X	TAACTCCCCACCTT	0	
0	299	TAGCCCCCCACCCA	4	|13|12|4|2
1	299	TATCTACCATCCTT	4	|8|5|2|9
2	370	GAAATCGACACCTT	4	|0|3|6|7
3	251	TAATTCCACGCGTT	4	|7|3|9|11
4	476	AAACTCTTCACATT	4	|11|0|7|6
5	503	TAACTCCGCACTCA	4	|11|7|13|12
6	485	AAACTCCTCCCATT	4	|9|11|7|0
7	43	TAATTCATCACCAT	4	|6|7|3|12
8	374	TAATTGGCAACCTT	4	|8|6|3|5
9	191	TTACTACACACTTT	4	|7|1|5|11
10	247	TAGCTCCCTGCCTG	4	|8|9|2|13
11	167	TGAATCCACACCGT	4	|1|3|12|7
12	227	ACACACGCCACCTT	4	|1|6|4|0
13	30	GAACTCTCGACGTT	4	|11|0|6|8
14	78	TGATTCGCCAACTT	4	|6|3|1|10
15	232	TCACACCCCACCAA	4	|12|4|1|13
16	321	AAAGTCCTCACCTG	4	|0|7|3|13
17	11	TAGCCGCCGACCTT	4	|5|8|2|4
18	564	TAATTACCTGCCTT	4	|8|5|3|9
19	154	TTACACCCGACCTC	4	|4|8|1|13