seq	pos	motif	mutations	mut_pos
X	X	CAGTGCGCGAGCCG	0	
0	387	CCGTGCGCGAGTGT	4	|13|1|11|12
1	245	CACTGCGCCACCGG	4	|2|12|8|10
2	150	GTGTGAGCAAGCCG	4	|8|1|0|5
3	207	AAGTGCGCTGGGCG	4	|0|9|11|8
4	362	GGGTGGGCGAGCGG	4	|12|0|5|1
5	130	TAGTGCGTGGTCCG	4	|7|9|0|10
6	351	CTGGGGGCCAGCCG	4	|1|5|3|8
7	13	TAGTGCCAGAGCCC	4	|7|6|13|0
8	282	AAGTCCGAGAGCGG	4	|4|0|12|7
9	458	CAATGCGCGCACGG	4	|2|10|9|12
10	374	TGGTGCCAGAGCCG	4	|0|1|7|6
11	272	CGGTGCACGAGTAG	4	|6|12|11|1
12	366	CGGTGCGCGCGTCT	4	|1|11|13|9
13	277	TAGAGTGCGACCCG	4	|0|10|5|3
14	67	CAGTGCCAGACCCT	4	|6|7|13|10
15	389	CATTGCGCGATGCA	4	|13|2|11|10
16	122	CAGTCAGGGTGCCG	4	|4|5|9|7
17	423	TTGTGCGCCAGTCG	4	|8|0|1|11
18	558	GAGGGCGCAAGCTG	4	|8|0|12|3
19	161	CGGTACGATAGCCG	4	|4|7|8|1