seq	pos	motif	mutations	mut_pos
X	X	GATAACATGGAGTC	0	
0	8	TTTAACGTGGAGCC	4	|1|6|0|12
1	448	GCTAACGTGGAAGC	4	|12|11|6|1
2	321	TATATCATGGAGCT	4	|0|4|12|13
3	367	CTTAACATGTAGGC	4	|12|0|1|9
4	1	GATGACAAAGTGTC	4	|7|8|3|10
5	322	GATTATATGGTGCC	4	|5|10|3|12
6	170	CATTACATGAAGTG	4	|9|3|0|13
7	61	GCAAACACGGTGTC	4	|2|10|7|1
8	86	GCTAATACGGGGTC	4	|5|1|10|7
9	77	GGTAGCTTCGAGTC	4	|8|4|1|6
10	215	AACAACATGGAGCG	4	|0|2|13|12
11	368	TATAACATCCAATC	4	|0|8|11|9
12	166	GCGACCCTGGAGTC	4	|4|1|2|6
13	340	GATCGTTTGGAGTC	4	|5|6|4|3
14	291	GAAAGCAGGGTGTC	4	|4|10|7|2
15	77	GATTACATGGTAGC	4	|10|3|12|11
16	46	GACACCCTGGAGTA	4	|2|4|6|13
17	49	GTTAACGTTGAATC	4	|11|1|8|6
18	293	GATTTCGTGGAGCC	4	|6|4|3|12
19	141	GATTCCATCGAGAC	4	|12|3|4|8