seq	pos	motif	mutations	mut_pos
X	X	GATTACTGTCGCTT	0	
0	419	CATTAATGACGTTT	4	|0|5|11|8
1	36	GTTTACTGTTGCGG	4	|12|1|13|9
2	251	GATTACTATCGGCA	4	|7|12|11|13
3	214	GATTGCCGACGATT	4	|11|8|4|6
4	327	TACAACTGTCGCGT	4	|12|2|3|0
5	506	GATGGCAGTAGCTT	4	|3|4|9|6
6	553	GATTAGAGTAGCTC	4	|13|5|6|9
7	259	CTTTACATTCGCTT	4	|7|6|0|1
8	21	AATCACTGCCGCAT	4	|3|8|0|12
9	54	GATTACGCAGGCTT	4	|9|6|7|8
10	365	GAAGACTGCCCCTT	4	|2|8|3|10
11	270	GAACACAGTAGCTT	4	|6|9|3|2
12	25	GGGTACTATCTCTT	4	|2|10|1|7
13	446	GTTCACTGTCGGAT	4	|12|3|1|11
14	564	GCTCACTGTCTTTT	4	|11|3|10|1
15	129	GGTTAATGTCACAT	4	|12|5|1|10
16	296	GGTTTCTGTGGCTG	4	|9|1|4|13
17	562	GTCAACTCTCGCTT	4	|3|1|2|7
18	512	GTCTGCTGTAGCTT	4	|9|2|4|1
19	148	CATGACTGTAGCCT	4	|9|3|12|0