seq	pos	motif	mutations	mut_pos
X	X	GATTACGGAACAAC	0	
0	52	GGCAATGGAACAAC	4	|5|3|2|1
1	465	GATTACGGGTCGAA	4	|13|8|11|9
2	177	TATTAGGGACCGAC	4	|0|9|5|11
3	561	TCTTACAGAACGAC	4	|6|11|1|0
4	108	TCTTACGGACGAAC	4	|9|0|1|10
5	265	GAACAGGGAACAAA	4	|13|5|3|2
6	346	GATCACAAAATAAC	4	|6|10|7|3
7	516	TATGACGGAACACA	4	|3|12|0|13
8	226	GGTTGCGGACGAAC	4	|4|1|9|10
9	345	GTGTTCGGCACAAC	4	|8|4|1|2
10	419	GACAACGGCACTAC	4	|2|3|8|11
11	386	GGCTACCGAACGAC	4	|2|6|1|11
12	284	GATTTCGATACGAC	4	|4|11|8|7
13	273	GCGTAGGGAACAGC	4	|1|5|2|12
14	45	AATTGCGTAACAGC	4	|7|12|4|0
15	393	AACTACGAAATAAC	4	|7|0|2|10
16	160	GAGTACGGAGAAAG	4	|13|2|9|10
17	42	GATTCCGATGCAAC	4	|9|4|7|8
18	105	GAAAAGGTAACAAC	4	|5|7|2|3
19	243	TATTACGGAATACG	4	|0|10|12|13