seq	pos	motif	mutations	mut_pos
X	X	TTAGGTCTCGTAAG	0	
0	47	TTCGGCCTCGTATA	4	|5|12|2|13
1	70	TAAGTCCTAGTAAG	4	|8|1|4|5
2	565	TCAAGTCTCCTAGG	4	|12|9|1|3
3	229	TTAAGTCTCTACAG	4	|9|11|10|3
4	317	TCAGGTCCGCTAAG	4	|9|7|8|1
5	376	TTAGGTCACATAGC	4	|12|13|7|9
6	264	TTAGGTTATGTCAG	4	|11|7|6|8
7	4	TTGTGTCTGGTAAC	4	|3|2|13|8
8	224	TTCGGACTCGCACG	4	|10|12|5|2
9	417	TTAGCTCTGGTGAA	4	|8|13|4|11
10	559	TGAGGGCTCGCAAA	4	|10|5|13|1
11	387	TAAGGCCTCGGTAG	4	|11|5|1|10
12	407	GTGGGCCCCGTAAG	4	|2|0|5|7
13	342	CTGGGTCTCGCTAG	4	|2|10|11|0
14	391	TAAGGTATCGGATG	4	|1|6|10|12
15	301	TTGGGGCCCGCAAG	4	|2|10|7|5
16	197	CTACGTCTCGTATT	4	|3|13|12|0
17	54	TTTGGTTTCGTCAA	4	|2|6|11|13
18	475	TGAGGTCTCCTCTG	4	|1|11|9|12
19	468	TTAGAGCTCCTAAC	4	|4|13|9|5