seq	pos	motif	mutations	mut_pos
X	X	CGGTGCTCTTACCC	0	
0	2	CGGGGCTCTTCTGC	4	|12|3|10|11
1	295	CGGTAGTCGTCCCC	4	|5|10|4|8
2	102	CGGTGCTGATATCT	4	|11|7|13|8
3	444	CGGCGCGGTTACAC	4	|7|3|6|12
4	470	AGGTCCTCTTAGCT	4	|11|4|13|0
5	334	CAGGGCTCATAACC	4	|1|3|11|8
6	283	CATTGCTCTTTGCC	4	|2|1|10|11
7	341	ATGTGCTCTTGACC	4	|10|0|1|11
8	227	CGGCTCTCTGAGCC	4	|3|4|9|11
9	201	CGGTGGTCATAGCA	4	|8|11|5|13
10	165	CCGCGTTCTTACCA	4	|3|1|5|13
11	137	CGGTGTCCTTAGCT	4	|5|11|13|6
12	75	CTGAGCTCTTACAT	4	|3|12|1|13
13	386	CGGTCCCGATACCC	4	|4|8|6|7
14	212	CGGCGCTTTTTCCG	4	|3|7|10|13
15	303	CGGTGCACATAGCT	4	|13|8|11|6
16	509	AAATGCTCTTCCCC	4	|0|10|2|1
17	445	CGGTGCGATGACCA	4	|9|7|13|6
18	149	CGTGGCACTTACCT	4	|13|2|3|6
19	136	CGTTTCTTTTACCT	4	|13|7|2|4