seq	pos	motif	mutations	mut_pos
X	X	TTCAGTCGTATATG	0	
0	301	TGCTTTCGTATATC	4	|4|13|3|1
1	370	GTCAGTCTTTCATG	4	|9|0|10|7
2	559	TTAAGATGTGTATG	4	|9|6|2|5
3	337	ATCAGTGGTTCATG	4	|10|6|9|0
4	72	TTGGGTGGTAAATG	4	|2|10|6|3
5	160	TTCAATCTAATATA	4	|13|7|8|4
6	552	GTCTGTCGTACAAG	4	|10|12|0|3
7	442	GTCAGTCCTATTTC	4	|13|0|7|11
8	276	TTCAGTCGTCACTT	4	|9|13|11|10
9	445	TTCAGTGGTGTGAG	4	|12|6|9|11
10	451	CTATTTCGTATATG	4	|0|3|4|2
11	1	TACGTTCGTATATA	4	|13|1|4|3
12	385	ATCAGGCGAATCTG	4	|8|5|0|11
13	263	TCCGGCCGTATTTG	4	|1|3|5|11
14	19	TGCAGTCCTCTGTG	4	|1|11|7|9
15	509	TTCACTGGCGTATG	4	|4|6|9|8
16	30	TTCAGGCGTATGGT	4	|5|11|13|12
17	85	CTCAGTAGTGCATG	4	|10|9|6|0
18	418	AGCAGACGGATATG	4	|5|1|0|8
19	569	TATCGTCGTAGATG	4	|10|2|1|3