seq	pos	motif	mutations	mut_pos
X	X	CGAACCTCGTACAC	0	
0	437	CGTATATGGTACAC	4	|2|7|5|4
1	381	AGAAGCTCGTACTA	4	|0|12|4|13
2	166	GGACCCACGTACTC	4	|3|0|12|6
3	230	GACACCTCGTACCC	4	|1|12|2|0
4	161	CGCAAAGCGTACAC	4	|4|6|2|5
5	117	CTGACCTCATAGAC	4	|1|11|8|2
6	31	CAAGCCTCTTCCAC	4	|3|10|8|1
7	283	CAAACGGCGTACCC	4	|1|12|6|5
8	267	CAACCCTCGTATGC	4	|11|12|1|3
9	58	CGAGGCTAGTGCAC	4	|10|7|3|4
10	131	CGAGCCGGCTACAC	4	|7|3|6|8
11	159	CCAAACTGGTGCAC	4	|10|1|4|7
12	579	AGAACCTGGTTCGC	4	|0|7|10|12
13	583	CGAACCTCTGCCTC	4	|9|10|12|8
14	225	CGAGCCTAGCAAAC	4	|7|9|3|11
15	533	CAAACCTCTTCTAC	4	|1|10|8|11
16	33	CGTACGTATTACAC	4	|5|7|8|2
17	43	CAAACTTCGTGCTC	4	|1|10|12|5
18	386	TGAGCCTCGCACAG	4	|9|13|0|3
19	59	CGACACTCGTAGCC	4	|12|11|3|4