seq	pos	motif	mutations	mut_pos
X	X	CGGTTTTTGAAATG	0	
0	365	AAGTTTTTAAAGTG	4	|11|0|8|1
1	580	CGGTCGTTGAAAAA	4	|4|13|5|12
2	208	CGATATTTGACATC	4	|4|10|13|2
3	148	CCGTGTATAAAATG	4	|4|1|6|8
4	90	TGCTCTTTGAACTG	4	|2|11|0|4
5	248	AGGAATTAGAAATG	4	|4|0|3|7
6	374	AGTTTTTTGAAAGA	4	|13|0|12|2
7	141	GGGATTTTGGAATC	4	|0|9|3|13
8	147	TGGTCTTTAAACTG	4	|4|8|11|0
9	335	TGGATTTTCACATG	4	|10|3|8|0
10	541	GGGTAATCGAAATG	4	|0|7|4|5
11	576	CGTGTTAAGAAATG	4	|7|6|3|2
12	200	CGGTTTTAGGAGTT	4	|13|7|11|9
13	206	CGGCTAATGAATTG	4	|3|6|5|11
14	26	GGGCATTTGAACTG	4	|11|0|4|3
15	133	CAGTCTTTGAAACC	4	|4|13|1|12
16	71	CGGATCTAGAGATG	4	|7|10|3|5
17	477	CGTATACTGAAATG	4	|2|5|6|3
18	426	CGGTAGCTGAAATA	4	|4|13|5|6
19	388	CGGTTTTTGCACGT	4	|12|13|9|11