seq	pos	motif	mutations	mut_pos
X	X	GATATATGAAACGG	0	
0	223	GATCTACAAATCGG	4	|3|7|6|10
1	538	CGTATATGAAGCGA	4	|0|10|13|1
2	290	AACCTATGAAAGGG	4	|3|11|2|0
3	267	AGTATATGGAATGG	4	|11|1|0|8
4	252	GGTCTATGTAACCG	4	|8|1|12|3
5	159	GATAGACGGAACAG	4	|8|4|12|6
6	388	GAAGGAGGAAACGG	4	|4|6|3|2
7	219	GATATCTCACATGG	4	|7|11|9|5
8	425	GTTATAAGTAACCG	4	|6|8|12|1
9	87	GAGATATGGTATGG	4	|8|9|11|2
10	469	ATTGAATGAAACGG	4	|1|3|0|4
11	337	GGAATTTGAAATGG	4	|11|2|1|5
12	404	GATATAAGCGACGA	4	|8|13|9|6
13	357	TATACACTAAACGG	4	|0|6|7|4
14	158	GATCAATGATACGT	4	|9|13|3|4
15	541	AATATATGCCACTG	4	|12|9|0|8
16	110	AATCTAGGGAACGG	4	|8|0|6|3
17	280	GCTATAGGTGACGG	4	|1|9|8|6
18	160	GTTTTATGGAACGC	4	|8|1|3|13
19	211	GAAGAATGATACGG	4	|2|9|3|4