seq	pos	motif	mutations	mut_pos
X	X	TATAAAAGCGATCG	0	
0	446	AGTATAACCGATCG	4	|0|4|7|1
1	580	TATCAAAGGGATGT	4	|12|8|3|13
2	432	CATATGAGCGATTG	4	|5|4|12|0
3	105	TAGAAAGGCGAACC	4	|11|2|6|13
4	94	CATAACGGCAATCG	4	|0|6|5|9
5	525	AATACACGGGATCG	4	|6|0|8|4
6	268	TACAAGACCGTTCG	4	|5|2|7|10
7	450	TATAAGAGCCAAAG	4	|12|5|9|11
8	315	TATAAATTTGGTCG	4	|8|6|7|10
9	131	TATGAAAACGAGAG	4	|12|7|11|3
10	94	CATAAATGCGCTCC	4	|13|6|10|0
11	415	TAGAAAACCGATGT	4	|13|12|2|7
12	364	TAGCAAAGAGTTCG	4	|10|8|2|3
13	48	AACAATAGCGTTCG	4	|2|0|10|5
14	140	AATAAGATAGATCG	4	|7|5|0|8
15	65	TAAGATATCGATCG	4	|3|5|7|2
16	399	TATAAATGGCCTCG	4	|8|9|6|10
17	377	ACTGAATGCGATCG	4	|6|0|1|3
18	575	TCTTAAACCGTTCG	4	|7|1|10|3
19	184	TCCAAACGCGATAG	4	|2|12|6|1