seq	pos	motif	mutations	mut_pos
X	X	ACATTTATGCATAG	0	
0	47	ACAATTATGCAACA	4	|12|11|13|3
1	131	ACATTGATGACAAG	4	|10|5|11|9
2	312	AGATTTACGTATAT	4	|9|13|7|1
3	113	ACTTTACTGCAGAG	4	|6|2|11|5
4	164	AGGTTGATGCATCG	4	|2|5|1|12
5	446	ATATTTACGCACAA	4	|13|11|1|7
6	169	ACTGTTATGGATTG	4	|2|3|12|9
7	268	ACAGTCACCCATAG	4	|5|8|3|7
8	302	AGATTTATACCAAG	4	|1|8|10|11
9	337	CCACCAATGCATAG	4	|5|3|4|0
10	240	ACCTTTATGAATGT	4	|13|2|9|12
11	62	ACAATTATGTTAAG	4	|10|9|11|3
12	376	ACGTCTATGTAAAG	4	|11|2|4|9
13	434	ACATCAGTGGATAG	4	|5|9|6|4
14	122	ACATTTACGACTTG	4	|12|10|9|7
15	565	CCCTTTCTGCATAC	4	|13|2|6|0
16	101	ATATTTATGCAATC	4	|11|13|1|12
17	9	ACAATTATCCAGGG	4	|12|3|8|11
18	218	TTATTTATGCAAAC	4	|1|13|11|0
19	151	ATAGTTTTACATAG	4	|8|1|3|6