seq	pos	motif	mutations	mut_pos
X	X	ACTACGCAAGGGAC	0	
0	26	TTTACCAAAGGGAC	4	|1|5|6|0
1	537	AGTCCGCAAGAGTC	4	|1|10|12|3
2	571	AATACGCGAGAGGC	4	|7|1|12|10
3	88	ACGACACAAGGGCT	4	|13|12|5|2
4	334	ACAACCCAAGATAC	4	|10|11|2|5
5	60	ACCCCGGACGGGAC	4	|3|8|2|6
6	206	ACTACTTAAGGCAG	4	|5|13|11|6
7	524	ACTACTTAAAGGAA	4	|6|5|13|9
8	525	ACTCCGCATCGTAC	4	|8|11|3|9
9	88	ACTAGTAAATGGAC	4	|6|9|4|5
10	306	AACACGCCAGGGTC	4	|1|12|7|2
11	196	ACTAGGAACGGGAT	4	|13|6|8|4
12	267	ACTACGTCAGGGGA	4	|7|6|13|12
13	300	ACAACGGAACCGAC	4	|9|2|10|6
14	442	ACCAGACAAGGGCC	4	|4|12|5|2
15	232	GCTACCCAGGGGTC	4	|12|8|0|5
16	166	ACGACGAAAGGCGC	4	|2|12|6|11
17	200	ACTGCGCATAGGTC	4	|9|3|12|8
18	171	TGTACGCGAGCGAC	4	|1|7|10|0
19	25	ACCAAGCACGGGCC	4	|4|8|2|12