seq	pos	motif	mutations	mut_pos
X	X	ACAGTGTGCTTCGA	0	
0	156	GCAGTGTGCATCTC	4	|12|9|0|13
1	228	ACAGTCTACTCGGA	4	|11|10|5|7
2	207	ACAGTGCACTTGCA	4	|7|11|12|6
3	509	GCCGTGTCTTTCGA	4	|8|2|0|7
4	236	ACCGTCGGCTGCGA	4	|6|5|2|10
5	421	ACACTGTGAATCGC	4	|13|9|3|8
6	562	AGAGTATCCCTCGA	4	|1|5|7|9
7	429	ATAAAGAGCTTCGA	4	|6|4|1|3
8	184	ACAGGGTTGTTTGA	4	|4|8|7|11
9	477	AAAGTTTGCGTCGT	4	|13|5|9|1
10	128	GCAGTGTCCTGCGG	4	|10|13|7|0
11	244	ACAGTCGGCGTCGT	4	|9|13|5|6
12	563	ACATTCTGCCTCTA	4	|12|5|9|3
13	168	AGATGGTGGTTCGA	4	|4|1|3|8
14	14	ATAGTTTGGTTCGC	4	|8|1|5|13
15	329	ATAGTGTGTGTAGA	4	|8|9|11|1
16	383	ACAGAGTGCATCTC	4	|12|13|4|9
17	469	ACGGTGTGCAAGGA	4	|10|9|2|11
18	430	AGGGTGTCCTTCGG	4	|13|1|2|7
19	146	ACCGCCTCCTTCGA	4	|5|2|4|7