seq	pos	motif	mutations	mut_pos
X	X	TACCACGCTACATC	0	
0	92	TTCCACGCCGCAAC	4	|12|9|1|8
1	397	GATCTCGCTAAATC	4	|0|4|10|2
2	563	AACGACACTGCATC	4	|6|0|9|3
3	368	TAACAGGCTGAATC	4	|5|2|9|10
4	233	ACCCACGTTAAATC	4	|0|10|7|1
5	520	TACCACGTCGCACC	4	|7|9|8|12
6	358	TAGCACGAGCCATC	4	|2|7|8|9
7	529	TAGGACGCTACCAC	4	|2|11|3|12
8	156	TAGCGCTCTGCATC	4	|4|6|2|9
9	156	GACAACGATACCTC	4	|0|3|7|11
10	39	TACCGGTGTACATC	4	|4|6|5|7
11	117	AACCACGCTTCCAC	4	|0|11|9|12
12	378	CACAAACCTACATC	4	|6|5|3|0
13	248	TACCACGAGACTTT	4	|8|13|7|11
14	559	TACCTCTCACCATC	4	|8|6|4|9
15	435	AACCACCCTGCATT	4	|6|13|0|9
16	450	AATCACCCTACGTC	4	|0|6|2|11
17	357	TTCCTCGATACAGC	4	|7|4|12|1
18	220	TATCACGATCCACC	4	|2|9|7|12
19	61	TGCAACGCGACAAC	4	|3|8|1|12