seq	pos	motif	mutations	mut_pos
X	X	CACCCAAAAATAAG	0	
0	235	TATTCAAAAACAAG	4	|2|10|3|0
1	177	CAACCCTAAATAAC	4	|2|5|6|13
2	81	CACCCTCAAGTCAG	4	|11|5|6|9
3	150	CAGCAAAAATTAGG	4	|9|2|12|4
4	551	CGACCAAATGTAAG	4	|2|8|1|9
5	251	CACGCTAAAATAGT	4	|13|12|5|3
6	351	CACTGAAAAATTGG	4	|4|11|12|3
7	422	CACACAATATTAAA	4	|13|9|7|3
8	523	CACCACAAAACAAA	4	|13|4|10|5
9	357	GATCCCAAAGTAAG	4	|0|5|2|9
10	352	CTCCTTAAAAAAAG	4	|1|4|10|5
11	67	ACCCAAACAATAAG	4	|1|4|0|7
12	245	CGCACGAAAATCAG	4	|3|5|11|1
13	410	GACCCACATATGAG	4	|6|0|11|8
14	416	CACACATAATTAAA	4	|6|13|9|3
15	298	CATGCCAGAATAAG	4	|3|7|5|2
16	492	CACTCCAAAAGTAG	4	|5|3|10|11
17	405	CATCCGAAACGAAG	4	|2|10|5|9
18	502	AACTAAAAAGTAAG	4	|4|9|0|3
19	289	CATTCAAAAAAGAG	4	|10|3|2|11