seq	pos	motif	mutations	mut_pos
X	X	CAGTCGACATAATA	0	
0	425	CATTGAACATAAAA	4	|12|5|4|2
1	159	ACGTCAGCATAATA	4	|1|6|5|0
2	438	CAGTCGCTATCTTA	4	|11|10|7|6
3	394	ACGTCGAGCTAATA	4	|7|1|8|0
4	225	CACTCGACCTAGTC	4	|8|13|2|11
5	252	TAGTCGGCTTAATC	4	|13|6|8|0
6	519	CACTCCACAAAATG	4	|5|2|9|13
7	568	CACTCGATATACTG	4	|13|7|2|11
8	419	CAGTCGATAAACTT	4	|7|9|11|13
9	332	CAATCTACGTAAAA	4	|8|12|2|5
10	282	AAGTTGACATACTG	4	|11|0|13|4
11	139	CAGTAGACATTAGC	4	|13|10|12|4
12	19	CCGCCGACATGCTA	4	|1|3|11|10
13	332	CAGCCTAAAAAATA	4	|5|7|3|9
14	522	CAGTCGGCCTACCA	4	|12|11|6|8
15	82	CAACCGACGAAATA	4	|2|3|9|8
16	417	GCTTCGGCATAATA	4	|0|1|6|2
17	101	CAGGCGACTAAATG	4	|9|13|3|8
18	366	CCGTCCACAAAAAA	4	|1|5|9|12
19	158	CAATTGACAATATA	4	|4|9|10|2