seq	pos	motif	mutations	mut_pos
X	X	GCGTTAGATTCCT	0	
0	399	GAGATAGGTTCTT	4	|1|3|11|7
1	411	GCGCGGGATTACT	4	|3|10|5|4
2	122	GAATTAGAGTTCT	4	|2|1|8|10
3	191	GCATTAAATTTCA	4	|10|6|12|2
4	473	GCGTCTTATTCGT	4	|6|5|4|11
5	481	GCGTTACTATCTT	4	|6|7|8|11
6	67	GCGTTAGCTACGG	4	|12|11|7|9
7	345	GCGTGTCATCCCT	4	|4|6|5|9
8	449	GCGTTCCTTTCTT	4	|5|7|11|6
9	375	GCGTAGTATTCGT	4	|4|6|5|11
10	463	GCATTGGAAACCT	4	|5|9|8|2
11	229	GAATTAGATTTTT	4	|11|1|10|2
12	563	CCCGTAGATTCTT	4	|3|11|0|2
13	492	GCCTTATCTTCCC	4	|7|2|6|12
14	405	GCGTTCGTATCCG	4	|7|5|8|12
15	259	GTGTTAGCTTAAT	4	|7|11|10|1
16	538	GCCCTAAATTCAT	4	|11|3|2|6
17	122	GCGATAGGTACCA	4	|3|7|12|9
18	426	GCTTAAGCCTCCT	4	|4|7|2|8
19	219	CCATTAGATGACT	4	|0|10|9|2