seq	pos	motif	mutations	mut_pos
X	X	TCATAAAATCATG	0	
0	328	TAATAAAACCTTA	4	|12|8|1|10
1	526	TGTTATAATCGTG	4	|1|10|5|2
2	520	TCATCAAACCACT	4	|4|11|12|8
3	203	TCTTGAAATCTAG	4	|4|2|11|10
4	310	TCATACAGCCTTG	4	|10|8|5|7
5	53	CCTTAAAACCTTG	4	|8|2|0|10
6	442	TCATAGTAACGTG	4	|5|6|8|10
7	337	ACATAACGACATG	4	|8|0|6|7
8	369	TGAAAAGAACATG	4	|3|1|6|8
9	558	TCAAACATTCACG	4	|5|3|7|11
10	512	TTTGAGAATCATG	4	|2|1|5|3
11	66	CCATTAAATCCGG	4	|11|0|10|4
12	537	TCTTAACATGTTG	4	|9|6|2|10
13	367	TCCTAAACTCACT	4	|7|12|2|11
14	276	TAATAAAAGCCGG	4	|10|8|1|11
15	326	TAATAGAAACAGG	4	|11|1|8|5
16	216	ACATAAAGCCGTG	4	|8|7|10|0
17	291	CCATACTCTCATG	4	|5|6|7|0
18	558	TCATAAGATACCG	4	|6|11|10|9
19	53	TCTTAAGAGCATC	4	|12|2|6|8