seq	pos	motif	mutations	mut_pos
X	X	GGGCCCGTTAACG	0	
0	431	TTGGCCGTGAACG	4	|0|8|1|3
1	521	TGGCCTGTTTATG	4	|11|5|9|0
2	77	GGCCCCTGCAACG	4	|2|8|6|7
3	0	GGCCCTAGTAACG	4	|2|6|7|5
4	14	GGTCCGGCTAAAG	4	|2|11|5|7
5	284	GGGGCCGATTAGG	4	|9|3|11|7
6	209	GGACCCACCAACG	4	|2|8|7|6
7	349	GGGGCCGGTAGTG	4	|3|7|11|10
8	256	CTGGCCGTTAAGG	4	|0|11|1|3
9	33	GGGCCTATTTTCG	4	|6|9|10|5
10	571	GGCCTCGTGAACT	4	|8|2|12|4
11	469	AGGCCAGTCGACG	4	|9|8|5|0
12	30	CGGGCTTTTAACG	4	|3|5|6|0
13	75	GGGCCCTATAAGC	4	|11|7|12|6
14	137	AAGCGCGTGAACG	4	|0|8|1|4
15	401	TCCCACGTTAACG	4	|2|0|4|1
16	122	GCGGCCGGTAAGG	4	|11|3|1|7
17	210	GCGCCCGTGAATT	4	|12|8|1|11
18	431	TGAACCGTTTACG	4	|9|3|0|2
19	70	GGGCCAGATATTG	4	|10|5|7|11