seq	pos	motif	mutations	mut_pos
X	X	ATTGTGAAGAATT	0	
0	482	ATTAAGAAGTTTT	4	|9|3|4|10
1	23	ATTGAAAAAAATC	4	|5|4|12|8
2	37	CTTATTAAAAATT	4	|0|5|8|3
3	509	ATCGTCAGGCATT	4	|2|7|9|5
4	101	ATTATCAAGCCTT	4	|3|9|5|10
5	331	ACAGTGAAGAACC	4	|2|12|11|1
6	501	CTTGTAAAGAACA	4	|11|0|12|5
7	562	ATAGTTACGAGTT	4	|10|7|5|2
8	109	AGTGTGGTGAAAT	4	|11|6|7|1
9	558	CTTGGGATGAATC	4	|12|0|7|4
10	69	TTGGTGCAGGATT	4	|9|2|6|0
11	16	GCTGTGTAGAGTT	4	|10|1|6|0
12	154	ATAGCGAAAAAGT	4	|2|11|8|4
13	156	ACTGGCACGAATT	4	|5|4|7|1
14	140	AATGGGAAGAGGT	4	|11|1|4|10
15	15	GTGCTGAAGGATT	4	|0|2|3|9
16	58	GGTGTGAACAAAT	4	|8|0|1|11
17	426	ACTGTAAAAACTT	4	|8|10|5|1
18	557	CTTGTGAAAAAAA	4	|11|0|8|12
19	200	CTTGCGAAGCGTT	4	|0|4|9|10