seq	pos	motif	mutations	mut_pos
X	X	CCACTCGAGGCGC	0	
0	23	ACATCCGAGGCTC	4	|0|11|3|4
1	240	TAACTCGTGGAGC	4	|1|0|7|10
2	243	CTACACGAGTCCC	4	|4|1|9|11
3	239	CAGCTCGATGCAC	4	|2|8|11|1
4	249	CCTCTTGAGATGC	4	|10|2|5|9
5	517	CCCCTTGAGACGT	4	|9|2|12|5
6	487	ATACACGAGGCGA	4	|0|12|4|1
7	566	CATCGCGATGCGC	4	|1|8|2|4
8	384	CCACACGGATCGC	4	|9|8|4|7
9	80	CCAATCTAGCCGT	4	|6|3|9|12
10	221	CTACTTGAGACGG	4	|9|1|12|5
11	55	CCAACCGCGGCGT	4	|7|12|3|4
12	250	CCATTCTAAGCAC	4	|6|8|3|11
13	154	CCAATCAAATCGC	4	|8|6|9|3
14	191	GCTCTCGCGGCAC	4	|11|0|2|7
15	420	CTCATCGAGGCTC	4	|3|2|11|1
16	485	CCACTCGAGTATA	4	|10|9|12|11
17	371	CCCCTCGCTGCAC	4	|8|2|11|7
18	401	CAAAACGAGTCGC	4	|4|3|1|9
19	510	TCACTAGGAGCGC	4	|0|8|7|5