seq	pos	motif	mutations	mut_pos
X	X	CCATCGCGAGTAC	0	
0	267	TCATGGCGAGTCG	4	|0|12|4|11
1	254	CCATCCCGATGGC	4	|10|9|5|11
2	484	ACACCGCCCGTAC	4	|7|3|0|8
3	145	CTACCGCGAGACC	4	|11|10|1|3
4	341	ACGCCGCGAGAAC	4	|2|3|0|10
5	339	GTGTCGCGACTAC	4	|0|2|1|9
6	319	CCAATACGAGTTC	4	|11|3|5|4
7	283	CCGCAGCGTGTAC	4	|4|2|8|3
8	19	CAATGGCTAATAC	4	|7|4|1|9
9	280	CCATAGCGTATAG	4	|12|9|4|8
10	6	CAATCGCTGGTGC	4	|8|7|11|1
11	350	TCATTGGGAGTAT	4	|0|12|6|4
12	117	CTATCGGATGTAC	4	|6|1|8|7
13	448	CCATCGCTCGGAA	4	|10|8|12|7
14	328	AGATCGCTCGTAC	4	|7|1|0|8
15	54	CCATCGGCAGTGG	4	|11|7|12|6
16	453	CAAATGCAAGTAC	4	|1|3|7|4
17	310	AGATTGTGAGTAC	4	|1|0|6|4
18	527	CGGTCGTCAGTAC	4	|2|1|6|7
19	236	CTATCTCGATGAC	4	|1|5|9|10