seq	pos	motif	mutations	mut_pos
X	X	GGGGCTTGCCATA	0	
0	114	GGGATTTACCATC	4	|12|4|3|7
1	471	GGGCCTGACCATC	4	|6|7|12|3
2	52	GAGGCCACCCATA	4	|5|6|7|1
3	379	AGGGCTTGTCTTG	4	|10|8|0|12
4	409	CGAGATTGCCAAA	4	|0|11|4|2
5	183	CGGTCTTGCGATG	4	|3|12|0|9
6	37	GGGACATACCAAA	4	|5|11|3|7
7	180	GCAGATTGTCATA	4	|2|1|4|8
8	556	GGGACTAGCCGAA	4	|10|3|6|11
9	37	GTAGTTTGCGATA	4	|4|1|9|2
10	209	GGAGCTGACCCTA	4	|7|6|10|2
11	395	CAGGCTGGCCCTA	4	|6|10|0|1
12	151	GGTGATTGCCCGA	4	|10|4|2|11
13	351	GGGGACTACTATA	4	|5|9|7|4
14	277	AGGGAATGCCAGA	4	|11|0|4|5
15	171	GAGGCCTGTCTTA	4	|8|5|10|1
16	133	GGGGCCTAACATC	4	|8|5|12|7
17	268	AGGCCCTGCCAAA	4	|5|11|0|3
18	563	GGAGATAGCCCTA	4	|6|10|4|2
19	99	ATGGCTTTTCATA	4	|7|8|1|0