seq	pos	motif	mutations	mut_pos
X	X	GACAGGCTTGATT	0	
0	137	GCGAGGGCTGATT	4	|2|7|6|1
1	403	GAAAGTCTAGAAT	4	|8|5|2|11
2	500	AACAGGCTCGAAC	4	|12|8|11|0
3	82	GACAGGCTAGGGG	4	|11|12|8|10
4	274	GACATGCCTGGTG	4	|10|7|12|4
5	246	AACAGTCTCGACT	4	|11|0|8|5
6	154	AGCACGCTTGAGT	4	|0|1|11|4
7	323	CACACGGTCGATT	4	|0|6|8|4
8	492	GAGAGGTGTGAGT	4	|11|6|2|7
9	487	GAAAAGCTTGTCT	4	|11|2|10|4
10	534	GACACGCAGGTTT	4	|10|8|4|7
11	102	GTCAGTGTTGAGT	4	|11|5|6|1
12	4	GAAAGGCTCGGTC	4	|12|10|2|8
13	109	GACAGGCCACACT	4	|8|7|9|11
14	60	GTCAGGGTTGAGA	4	|6|11|12|1
15	211	GAGTGGATTCATT	4	|3|9|2|6
16	228	GGCAGACTTGGTA	4	|12|1|5|10
17	205	GACAGTCTTGCGC	4	|10|12|5|11
18	169	GTCAGGGTTTATC	4	|9|12|1|6
19	104	GATATCCTTGGTT	4	|10|5|2|4