seq	pos	motif	mutations	mut_pos
X	X	CAAGACCCGATGC	0	
0	162	CACGGCCCGGTGT	4	|9|4|2|12
1	197	CAACACCCCGAGC	4	|8|9|3|10
2	328	CAGGCCCTGATAC	4	|7|2|4|11
3	287	TTAGACTCGCTGC	4	|1|0|9|6
4	422	GACGATCCGTTGC	4	|0|5|2|9
5	433	GAAAACGCGACGC	4	|10|6|3|0
6	91	CGAGACCAGCTGT	4	|7|9|12|1
7	294	GAAGAACCGTTCC	4	|0|5|11|9
8	14	CAAGACCGGAATT	4	|10|7|11|12
9	496	AAAGACCCGTGAC	4	|11|0|10|9
10	358	CCTGACCCGTGGC	4	|1|2|10|9
11	550	CGATGCCCGGTGC	4	|4|3|9|1
12	201	CAATAGGAGATGC	4	|3|5|6|7
13	443	CCAGGACCGGTGC	4	|9|1|4|5
14	478	CAAGAGACGAGTC	4	|10|6|5|11
15	415	GAAAACCGGACGC	4	|0|3|10|7
16	504	CGAGAACCTGTGC	4	|1|8|5|9
17	539	CAAAACGCGAGGT	4	|12|10|6|3
18	39	TAATACCAGATAC	4	|3|7|11|0
19	28	AAAGAGCCGCTAC	4	|9|0|11|5