seq	pos	motif	mutations	mut_pos
X	X	GCTGTCAATCGGA	0	
0	60	GCTATCTAACGTA	4	|8|3|6|11
1	331	ACTTTCAATACGA	4	|0|9|10|3
2	261	GCGGCCAATCGCT	4	|2|11|12|4
3	269	GCTACCATGCGGA	4	|7|4|3|8
4	486	GCTGTGAATCACT	4	|10|12|5|11
5	211	GCTGTCTCACGAA	4	|6|8|7|11
6	413	ACCGACACTCGGA	4	|2|7|0|4
7	143	GTTGTCATGCGGT	4	|8|7|1|12
8	65	GCGGTACAGCGGA	4	|5|6|8|2
9	382	GCTGCCACGCAGA	4	|4|8|7|10
10	85	TCTGACAACCGGT	4	|12|4|0|8
11	199	GGTGGCAATAGAA	4	|1|11|4|9
12	286	ACAGTCGATCGAA	4	|6|11|0|2
13	55	CACGTCTATCGGA	4	|6|2|0|1
14	230	GCTGTCACGCTAA	4	|7|8|10|11
15	290	CATGTCAATGTGA	4	|9|0|1|10
16	30	ACTGGCACTTGGA	4	|4|9|7|0
17	57	GCTGAAAACCGCA	4	|11|4|5|8
18	137	GCGGACAAACCGA	4	|4|10|2|8
19	297	CCTGACCGTCGGA	4	|0|6|4|7