seq	pos	motif	mutations	mut_pos
X	X	TGAATCCATG	0	
0	293	TTAATACATG	2	|5|1
1	346	TGACGCCATG	2	|3|4
2	115	TGTATCTATG	2	|2|6
3	579	TGATTCCATC	2	|3|9
4	147	TGAATCTCTG	2	|7|6
5	69	TGTCTCCATG	2	|3|2
6	114	TGAATACAGG	2	|5|8
7	245	TAAGTCCATG	2	|1|3
8	520	TGAAGCCATA	2	|4|9
9	247	TCAATCCATA	2	|9|1
10	202	TGAAGCCAGG	2	|8|4
11	52	TGAATCTTTG	2	|7|6
12	117	TGTATCCAGG	2	|2|8
13	150	TGCATTCATG	2	|2|5
14	404	TGAACCCACG	2	|4|8
15	518	TGACTCCCTG	2	|3|7
16	236	TGGACCCATG	2	|2|4
17	285	TCAATCCATT	2	|9|1
18	493	TGAAACCATT	2	|4|9
19	504	CGAATTCATG	2	|5|0