seq	pos	motif	mutations	mut_pos
X	X	CGTTTGGGTC	0	
0	418	GGGTTGGGTC	2	|0|2
1	528	CGTCTGGGGC	2	|8|3
2	161	GGTTTGAGTC	2	|0|6
3	260	CGTTGGGCTC	2	|4|7
4	455	CCTTTGCGTC	2	|1|6
5	223	CGTGGGGGTC	2	|3|4
6	148	CGAGTGGGTC	2	|2|3
7	556	CGTCTGGGAC	2	|3|8
8	473	CATTTGGGAC	2	|1|8
9	52	CGCTTGGGGC	2	|2|8
10	108	CGTTTGGTTT	2	|9|7
11	510	CATTTGGTTC	2	|7|1
12	46	CGTTTAGTTC	2	|7|5
13	552	CGTTTGTTTC	2	|6|7
14	550	CCTTTCGGTC	2	|5|1
15	324	CGCTTGGGTG	2	|2|9
16	397	CGTGTGCGTC	2	|6|3
17	170	CGTATGCGTC	2	|6|3
18	255	CGCTTGGGTG	2	|9|2
19	111	CGTTTGACTC	2	|7|6