seq	pos	motif	mutations	mut_pos
X	X	TATCTGCAGC	0	
0	514	TATCCGCAGG	2	|9|4
1	224	TATTAGCAGC	2	|3|4
2	122	TATTTGCACC	2	|3|8
3	508	TAGCTCCAGC	2	|2|5
4	32	TCTTTGCAGC	2	|1|3
5	173	GATGTGCAGC	2	|0|3
6	341	TATGTGCACC	2	|3|8
7	506	TGTCGGCAGC	2	|4|1
8	315	TATCTCTAGC	2	|5|6
9	289	TATCTGGATC	2	|8|6
10	229	TATCTCCTGC	2	|5|7
11	416	TAACTTCAGC	2	|5|2
12	2	GATCTTCAGC	2	|5|0
13	60	TATCCGCCGC	2	|7|4
14	449	TAGTTGCAGC	2	|2|3
15	437	TGTCCGCAGC	2	|1|4
16	210	CATCAGCAGC	2	|0|4
17	499	TATCTTCAAC	2	|8|5
18	88	TATATCCAGC	2	|3|5
19	80	TATCTACATC	2	|8|5