seq	pos	motif	mutations	mut_pos
X	X	GCTCTACTCG	0	
0	205	GTTATACTCG	2	|3|1
1	325	GCTCTATACG	2	|6|7
2	195	GCTATACTCC	2	|3|9
3	278	GATCTACACG	2	|7|1
4	87	GCTCTGCCCG	2	|7|5
5	459	GCTCTTCTGG	2	|8|5
6	522	GGTCTACGCG	2	|7|1
7	247	GCTGTAGTCG	2	|6|3
8	64	GCTCTTCGCG	2	|5|7
9	210	CCTCTACACG	2	|0|7
10	435	GCGCTAATCG	2	|6|2
11	363	GATCCACTCG	2	|1|4
12	132	GCTATACTAG	2	|8|3
13	99	GCTCCTCTCG	2	|5|4
14	465	GCTCTATTTG	2	|6|8
15	445	GCTCCACTCT	2	|4|9
16	440	GCTGTGCTCG	2	|5|3
17	82	GTTCTACTCA	2	|9|1
18	334	GCTTTACACG	2	|3|7
19	10	GCGCTACTGG	2	|8|2