seq	pos	motif	mutations	mut_pos
X	X	GATCTACATA	0	
0	569	GATCAAGATA	2	|4|6
1	140	GATCCATATA	2	|4|6
2	61	GATTTAAATA	2	|3|6
3	572	TATCTAAATA	2	|6|0
4	37	GATCTAACTA	2	|7|6
5	486	TATCGACATA	2	|0|4
6	225	GCTCCACATA	2	|1|4
7	504	TATCTACATC	2	|0|9
8	512	GATTTACATG	2	|3|9
9	589	GATGTACATT	2	|9|3
10	572	GATCGACAAA	2	|4|8
11	364	GATCTACACT	2	|9|8
12	529	GATCAACTTA	2	|4|7
13	224	GATGTACCTA	2	|3|7
14	323	GATATACATT	2	|3|9
15	459	GATCGCCATA	2	|5|4
16	226	GAACGACATA	2	|4|2
17	425	GAGCTTCATA	2	|5|2
18	278	GCTCTACCTA	2	|1|7
19	552	GGTCTGCATA	2	|1|5