seq	pos	motif	mutations	mut_pos
X	X	TGCTCAGAAA	0	
0	323	TGCTCGGAAC	2	|5|9
1	253	TGATCAGGAA	2	|2|7
2	381	TTCTCGGAAA	2	|5|1
3	514	CGCCCAGAAA	2	|0|3
4	318	TACTCAGAAG	2	|1|9
5	137	TGGTCAGAAT	2	|2|9
6	286	GTCTCAGAAA	2	|1|0
7	444	TGCTTAGACA	2	|8|4
8	122	TGCTCAAAAT	2	|6|9
9	255	TTCTCAGAAT	2	|9|1
10	138	TGTTCCGAAA	2	|2|5
11	494	AACTCAGAAA	2	|1|0
12	85	GGGTCAGAAA	2	|0|2
13	188	TGATCGGAAA	2	|5|2
14	214	TGATTAGAAA	2	|2|4
15	360	TGCCCAAAAA	2	|3|6
16	99	CGCTCACAAA	2	|6|0
17	546	TGCCCAGTAA	2	|3|7
18	588	TGGTCAGAAC	2	|9|2
19	94	TGTGCAGAAA	2	|2|3