seq	pos	motif	mutations	mut_pos
X	X	CTCAGCGGCA	0	
0	234	CTCAGAGGCG	2	|9|5
1	169	CTCAGCAGCC	2	|6|9
2	498	CAGAGCGGCA	2	|1|2
3	588	CTGAGCGGAA	2	|2|8
4	33	GTCAGGGGCA	2	|5|0
5	297	ATCATCGGCA	2	|0|4
6	30	CAAAGCGGCA	2	|1|2
7	546	TTCAGCGGCT	2	|0|9
8	5	CTCAGCCGCC	2	|9|6
9	284	CAGAGCGGCA	2	|2|1
10	49	ATCAGCGGCT	2	|0|9
11	399	CTCAGAGCCA	2	|7|5
12	508	CCCAGTGGCA	2	|5|1
13	230	CTCAGCCGCC	2	|6|9
14	344	CTCAGAGGCC	2	|9|5
15	270	ATCACCGGCA	2	|0|4
16	338	CTAAGCGGTA	2	|8|2
17	280	CTTAGCGACA	2	|7|2
18	155	CTCAGCCGCC	2	|6|9
19	553	CTCGGCGGTA	2	|3|8