seq	pos	motif	mutations	mut_pos
X	X	AGGACAGGGC	0	
0	460	AGCACGGGGC	2	|5|2
1	215	AGTACAGTGC	2	|2|7
2	536	AGCAGAGGGC	2	|2|4
3	265	ACGACGGGGC	2	|1|5
4	386	AGCACTGGGC	2	|5|2
5	504	AGGTCAGGCC	2	|3|8
6	554	ACCACAGGGC	2	|2|1
7	325	CGTACAGGGC	2	|2|0
8	60	ACGACACGGC	2	|1|6
9	458	AGTACAGAGC	2	|2|7
10	262	AAGACAGAGC	2	|7|1
11	370	AGGACAATGC	2	|7|6
12	453	AGGATAGGGG	2	|4|9
13	175	AGGTTAGGGC	2	|4|3
14	331	AGAACAGGGG	2	|2|9
15	510	CGGACAGAGC	2	|7|0
16	32	AGGATAGGAC	2	|4|8
17	18	GGGGCAGGGC	2	|3|0
18	343	AGGGCTGGGC	2	|5|3
19	42	AGGCCAGCGC	2	|7|3