seq	pos	motif	mutations	mut_pos
X	X	TGCGTGGACG	0	
0	161	TGCGGGGAGG	2	|8|4
1	420	TAAGTGGACG	2	|1|2
2	502	TGTTTGGACG	2	|2|3
3	380	TGCGTAGACA	2	|9|5
4	370	TGCGTGGCCT	2	|9|7
5	152	TGCGTTGCCG	2	|7|5
6	300	TGTGCGGACG	2	|2|4
7	235	TGGGTTGACG	2	|5|2
8	317	TGCTTAGACG	2	|5|3
9	110	AGCGCGGACG	2	|0|4
10	270	TGTGTAGACG	2	|2|5
11	337	TGAGTGGTCG	2	|2|7
12	157	TGCGTGTATG	2	|6|8
13	127	TGTGTGGACA	2	|2|9
14	532	TGCGTAGGCG	2	|7|5
15	19	TCCGTGGATG	2	|8|1
16	576	TGCTTGGGCG	2	|3|7
17	379	TATGTGGACG	2	|2|1
18	468	TGCCTGGTCG	2	|3|7
19	318	TGCGTGGATT	2	|9|8