seq	pos	motif	mutations	mut_pos
X	X	GAGGTTGAAT	0	
0	140	GAGGTAGAAG	2	|5|9
1	451	TAGGTTGAAG	2	|9|0
2	577	CAGGTTTAAT	2	|6|0
3	338	GAGGTTTAGT	2	|8|6
4	547	GCGGTTGTAT	2	|1|7
5	416	GGGGTGGAAT	2	|5|1
6	26	GAGGGTGACT	2	|8|4
7	241	AAGGCTGAAT	2	|0|4
8	325	GACGCTGAAT	2	|4|2
9	346	GAGGTGTAAT	2	|6|5
10	137	GAGGTGGGAT	2	|5|7
11	95	GAGCTTGAAC	2	|9|3
12	258	GAGGTTTACT	2	|6|8
13	271	GAGTCTGAAT	2	|3|4
14	310	GACGGTGAAT	2	|2|4
15	505	TAGTTTGAAT	2	|0|3
16	226	GACGTTTAAT	2	|2|6
17	513	GAGGTAGATT	2	|5|8
18	384	AAGGTGGAAT	2	|5|0
19	104	CAGGTTGAAC	2	|9|0