seq	pos	motif	mutations	mut_pos
X	X	CTGTAAGCGT	0	
0	577	ATGTAGGCGT	2	|0|5
1	408	CGCTAAGCGT	2	|1|2
2	481	CTGTGACCGT	2	|4|6
3	477	CGGTAAGCTT	2	|1|8
4	569	CAGAAAGCGT	2	|1|3
5	130	GTGTAAGCTT	2	|0|8
6	350	CAGTCAGCGT	2	|4|1
7	113	CTTTAAGCGC	2	|2|9
8	450	CTGTAAGGAT	2	|7|8
9	22	CCGTAATCGT	2	|1|6
10	122	CTGTATGCGA	2	|5|9
11	70	CAGTATGCGT	2	|5|1
12	470	CCGTAAGCCT	2	|1|8
13	435	CTGTGAGCGG	2	|4|9
14	590	TTGTGAGCGT	2	|4|0
15	9	CTGGAACCGT	2	|3|6
16	411	TTGTAAGTGT	2	|7|0
17	403	CTGCACGCGT	2	|5|3
18	14	AGGTAAGCGT	2	|1|0
19	536	CCGTCAGCGT	2	|4|1