seq	pos	motif	mutations	mut_pos
X	X	GATGTCGAGA	0	
0	103	CATGTCGACA	2	|8|0
1	540	GAAGTCGAGT	2	|2|9
2	152	GACTTCGAGA	2	|3|2
3	66	GATGTGGAAA	2	|5|8
4	539	CATCTCGAGA	2	|3|0
5	356	GATGTCAAGG	2	|9|6
6	448	GATGTTGTGA	2	|5|7
7	136	GATGTCGAAC	2	|8|9
8	552	GATCACGAGA	2	|4|3
9	432	GATATCGAAA	2	|8|3
10	49	GGTGTCGTGA	2	|1|7
11	56	GGTCTCGAGA	2	|1|3
12	395	GATGCCGGGA	2	|4|7
13	441	GTTGTCGATA	2	|8|1
14	336	GATGCCTAGA	2	|4|6
15	262	GAGGTCGAGG	2	|2|9
16	504	GATGACTAGA	2	|4|6
17	581	GATGTTCAGA	2	|5|6
18	302	GTTGTCGCGA	2	|1|7
19	479	GATGTGTAGA	2	|5|6