seq	pos	motif	mutations	mut_pos
X	X	GGGTTAAGTA	0	
0	101	TGATTAAGTA	2	|2|0
1	524	GGATAAAGTA	2	|2|4
2	328	TTGTTAAGTA	2	|1|0
3	348	GGGTTCAGTG	2	|5|9
4	554	CCGTTAAGTA	2	|0|1
5	86	GGGTCAAGTC	2	|9|4
6	347	TGGTTAAGTC	2	|9|0
7	211	GGGGTAACTA	2	|7|3
8	296	GGGATAAGTG	2	|9|3
9	553	GGGTGATGTA	2	|6|4
10	154	CGGTTAACTA	2	|0|7
11	312	GGGTGAAATA	2	|7|4
12	279	GGAATAAGTA	2	|3|2
13	293	GGGTCAAGTT	2	|4|9
14	492	GGGTTACTTA	2	|6|7
15	584	GGGTCAAGTG	2	|9|4
16	316	GGTTTGAGTA	2	|5|2
17	354	TGGTTAAATA	2	|7|0
18	419	GGGCTGAGTA	2	|5|3
19	117	GGGGGAAGTA	2	|3|4