seq	pos	motif	mutations	mut_pos
X	X	TAGTGCATCG	0	
0	77	CGGTGCATCG	2	|0|1
1	55	TAGGGCAGCG	2	|3|7
2	590	AAGTGCGTCG	2	|0|6
3	355	TGGTGCATCC	2	|1|9
4	367	TAGTCCATTG	2	|4|8
5	368	TGGTGCTTCG	2	|6|1
6	582	TGTTGCATCG	2	|1|2
7	166	TAGTGCTTCA	2	|9|6
8	546	TAGTGAATTG	2	|8|5
9	272	TAATGTATCG	2	|2|5
10	468	ATGTGCATCG	2	|0|1
11	443	TAGTGCCTTG	2	|8|6
12	104	TAGGTCATCG	2	|4|3
13	503	TGTTGCATCG	2	|2|1
14	89	TAGTGCTCCG	2	|7|6
15	346	CAGTACATCG	2	|0|4
16	131	TAGATCATCG	2	|3|4
17	347	TCGTGCGTCG	2	|1|6
18	336	TAGTGGCTCG	2	|5|6
19	36	TAGTGCCACG	2	|7|6