seq	pos	motif	mutations	mut_pos
X	X	TACCACCAAC	0	
0	228	TAACACCGAC	2	|2|7
1	321	TTGCACCAAC	2	|2|1
2	307	TAACACCAAA	2	|9|2
3	399	TACCACCTTC	2	|8|7
4	301	TCGCACCAAC	2	|1|2
5	172	CACCATCAAC	2	|0|5
6	109	TACCGACAAC	2	|4|5
7	422	TACCTCCAAG	2	|9|4
8	185	TGCCACCAGC	2	|8|1
9	253	TAGTACCAAC	2	|3|2
10	399	TCTCACCAAC	2	|1|2
11	385	GACCACTAAC	2	|0|6
12	380	TACTACAAAC	2	|3|6
13	222	TCCCACCAGC	2	|1|8
14	481	TAAAACCAAC	2	|3|2
15	63	TAACAACAAC	2	|5|2
16	54	TACCACCTCC	2	|8|7
17	223	TACCACACAC	2	|7|6
18	476	TACCAGGAAC	2	|5|6
19	111	TACCACAAAT	2	|6|9