seq	pos	motif	mutations	mut_pos
X	X	TTATTACCAA	0	
0	581	GGATTACCAA	2	|1|0
1	463	TCATAACCAA	2	|4|1
2	258	TTATTATCGA	2	|8|6
3	244	TTAGTAACAA	2	|6|3
4	22	TTATGACCAG	2	|4|9
5	513	TTTTTTCCAA	2	|2|5
6	4	GGATTACCAA	2	|0|1
7	384	TTCTTACCAT	2	|2|9
8	293	TTGTTACCTA	2	|8|2
9	270	TTCTTACCTA	2	|8|2
10	524	TGATTGCCAA	2	|5|1
11	238	GTATTACAAA	2	|0|7
12	169	TTTATACCAA	2	|3|2
13	558	TTATTACCCT	2	|8|9
14	206	TTACTCCCAA	2	|5|3
15	233	TTGTTACGAA	2	|7|2
16	251	TTAGGACCAA	2	|4|3
17	116	TTATTAACAG	2	|9|6
18	310	TTAATATCAA	2	|3|6
19	97	TTGTTACCAG	2	|2|9