seq	pos	motif	mutations	mut_pos
X	X	TCCACATATC	0	
0	31	TCTATATATC	2	|4|2
1	478	TCCGCAGATC	2	|3|6
2	369	TCCATTTATC	2	|4|5
3	447	TCCGCCTATC	2	|3|5
4	328	TCCAAATAGC	2	|4|8
5	103	TCCACACAGC	2	|6|8
6	453	GCTACATATC	2	|0|2
7	545	TCAACGTATC	2	|5|2
8	570	TGCACATAAC	2	|1|8
9	394	TCCAGAAATC	2	|6|4
10	345	TCCACATTGC	2	|7|8
11	495	TCCTCATTTC	2	|7|3
12	582	TCTACATAAC	2	|8|2
13	561	ACCACATATG	2	|0|9
14	497	CCCACGTATC	2	|5|0
15	170	TCCCCATAAC	2	|3|8
16	42	CCCACATATA	2	|0|9
17	94	GCCAAATATC	2	|4|0
18	486	TCCACTAATC	2	|5|6
19	125	TCCCCATATG	2	|9|3