seq	pos	motif	mutations	mut_pos
X	X	CTGTATCTGT	0	
0	545	TTGTATCTGG	2	|0|9
1	574	CTGCAACTGT	2	|5|3
2	112	CTGTTTCAGT	2	|7|4
3	155	CTGTATTGGT	2	|6|7
4	239	CTGTATGTGC	2	|6|9
5	297	CTGCACCTGT	2	|3|5
6	286	CTGTATCACT	2	|8|7
7	240	CTGAATCTCT	2	|3|8
8	244	TCGTATCTGT	2	|1|0
9	529	CTTAATCTGT	2	|3|2
10	533	GTGTATCTTT	2	|8|0
11	261	CTCTATCTTT	2	|2|8
12	170	CTGTTTATGT	2	|6|4
13	398	CTGTATCTTC	2	|9|8
14	375	CTGTTTCTAT	2	|8|4
15	362	CTGTAACAGT	2	|7|5
16	320	ATTTATCTGT	2	|2|0
17	527	CTGAATCCGT	2	|7|3
18	194	CTGTATCTTG	2	|8|9
19	2	CTGTATCTAA	2	|8|9