seq	pos	motif	mutations	mut_pos
X	X	CGTCCAGAAT	0	
0	155	CGTCCGCAAT	2	|5|6
1	9	GGTCCATAAT	2	|6|0
2	243	CATCCAGAGT	2	|8|1
3	323	AGTCCAGACT	2	|8|0
4	161	CGACGAGAAT	2	|4|2
5	524	CCTCCGGAAT	2	|5|1
6	337	CGTCAAGGAT	2	|4|7
7	461	GGTCCAGTAT	2	|0|7
8	235	AGTACAGAAT	2	|3|0
9	175	CGACCTGAAT	2	|5|2
10	545	CGTCCAAAGT	2	|6|8
11	456	CATCGAGAAT	2	|4|1
12	583	CCTCCGGAAT	2	|5|1
13	520	CCTCCAGAAG	2	|9|1
14	258	CGTCCAGAGG	2	|9|8
15	352	CGTCGTGAAT	2	|4|5
16	113	CGTTCACAAT	2	|3|6
17	58	CGTCCCAAAT	2	|6|5
18	319	TGTCCACAAT	2	|6|0
19	161	CGTCGACAAT	2	|6|4