seq	pos	motif	mutations	mut_pos
X	X	ATGGCGTTTT	0	
0	277	ACGTCGTTTT	2	|3|1
1	93	ATGGGCTTTT	2	|5|4
2	445	ATGCCTTTTT	2	|3|5
3	121	ATGACGTGTT	2	|7|3
4	180	AGGGCGATTT	2	|6|1
5	382	GTGGCGATTT	2	|6|0
6	483	ATGGCGTTAA	2	|8|9
7	187	ATGGCGGTTG	2	|9|6
8	131	ATGGCCTTCT	2	|8|5
9	100	ATGGCGTTAA	2	|8|9
10	525	ATGCCATTTT	2	|5|3
11	449	ATGGCTTTTA	2	|5|9
12	227	ATCGCGATTT	2	|2|6
13	525	ATTGCATTTT	2	|5|2
14	362	ATGTCGTTCT	2	|8|3
15	581	ATCGCGGTTT	2	|2|6
16	192	ACGTCGTTTT	2	|1|3
17	64	ATGGCGCTGT	2	|6|8
18	421	AGGGCCTTTT	2	|5|1
19	177	ATGGCTTTGT	2	|8|5