seq	pos	motif	mutations	mut_pos
X	X	TAGCATTCGAG	0	
0	422	TTGCAGTCGGG	3	|9|5|1
1	188	TAGCCTTCATG	3	|9|8|4
2	234	TTGCATTCGGA	3	|10|9|1
3	111	TAGCAGGCAAG	3	|6|8|5
4	239	ACGCAATCGAG	3	|0|1|5
5	474	TAACATTGGTG	3	|2|7|9
6	493	TAGCGTTTCAG	3	|8|7|4
7	460	TAGAATTTGTG	3	|7|9|3
8	496	AAGCATCCGCG	3	|6|9|0
9	382	TAGCAGTCTAC	3	|5|10|8
10	530	TAGCATCCGCT	3	|9|6|10
11	94	TAACAAACGAG	3	|5|6|2
12	1	TCCCATTCGCG	3	|1|9|2
13	586	AAGCGTTCGTG	3	|4|9|0
14	464	TAGCCTCCGCG	3	|9|4|6
15	229	TGACATTCGAA	3	|1|10|2
16	574	TGTCATTCGAT	3	|2|1|10
17	116	TTGACTTCGAG	3	|4|3|1
18	450	TAGCATGCCAA	3	|10|8|6
19	132	TAACGTTCGAC	3	|2|10|4