seq	pos	motif	mutations	mut_pos
X	X	ACCAATTTATC	0	
0	61	CGTAATTTATC	3	|1|0|2
1	405	ATCAAATTACC	3	|9|5|1
2	48	AACAATTTAAT	3	|10|9|1
3	562	GCCATTTTAAC	3	|4|9|0
4	98	ACTAATTTTGC	3	|8|9|2
5	468	ACCCCCTTATC	3	|3|5|4
6	320	ACCAATTAGCC	3	|7|9|8
7	237	ACCATTATGTC	3	|4|6|8
8	475	ACAAGTGTATC	3	|2|6|4
9	455	CCAAACTTATC	3	|0|5|2
10	370	ACAAACTGATC	3	|2|5|7
11	534	ACCTGTTAATC	3	|4|3|7
12	37	ACCGATGTAGC	3	|9|6|3
13	108	AGTAATGTATC	3	|6|1|2
14	530	GCCAATATACC	3	|9|6|0
15	250	CCCAATTAATA	3	|10|7|0
16	496	CCCACTTTCTC	3	|4|8|0
17	136	GCCAATTTCGC	3	|9|0|8
18	554	ACCAATATGGC	3	|6|9|8
19	206	ACAAATCTGTC	3	|8|2|6