seq	pos	motif	mutations	mut_pos
X	X	TCGAGTAATCC	0	
0	429	TAAAGTAATCT	3	|1|2|10
1	194	TCTCTTAATCC	3	|2|3|4
2	575	TCGAGTAAAAA	3	|8|9|10
3	97	TATTGTAATCC	3	|1|2|3
4	436	GGTAGTAATCC	3	|1|0|2
5	182	TCTAATAATAC	3	|9|4|2
6	537	TCGAGCAGGCC	3	|7|5|8
7	531	TTGAGTAACGC	3	|8|9|1
8	334	TACAGTAATCT	3	|2|1|10
9	205	TCAGGCAATCC	3	|5|3|2
10	193	TCGACTAAGTC	3	|8|4|9
11	521	TCGATAAATCA	3	|5|10|4
12	150	TCTAGTAATAA	3	|2|10|9
13	19	TGGAGTAATAT	3	|1|9|10
14	297	TCGAGTAGGGC	3	|9|7|8
15	195	TAGAGAAGTCC	3	|1|7|5
16	300	CAGGGTAATCC	3	|1|3|0
17	299	TCGTGGCATCC	3	|3|5|6
18	82	TCGAATATTCT	3	|4|10|7
19	405	GTGATTAATCC	3	|0|4|1