seq	pos	motif	mutations	mut_pos
X	X	GCACATGGAGG	0	
0	202	GTATATGGACG	3	|1|9|3
1	565	GAACATGGATT	3	|10|9|1
2	577	GCACTTTGCGG	3	|4|8|6
3	234	GCAGAGGGAAG	3	|3|9|5
4	559	GCACATAGCGT	3	|8|10|6
5	540	GCAAGTGGAGA	3	|4|3|10
6	401	GCCCAACGAGG	3	|5|2|6
7	587	GTCCATAGAGG	3	|2|1|6
8	403	GCTCAAGGATG	3	|9|5|2
9	139	GCACCAGGAGA	3	|4|5|10
10	588	GCCCATGGCAG	3	|9|8|2
11	447	GCACTTAGAAG	3	|4|6|9
12	554	GCTTATGGTGG	3	|8|2|3
13	126	GCAGAGGGACG	3	|5|9|3
14	556	GCAACGGGAGG	3	|3|5|4
15	500	GAACTTGGCGG	3	|1|4|8
16	549	GCACATCTCGG	3	|8|7|6
17	582	GAACATGAACG	3	|7|9|1
18	283	GCAAATGGATT	3	|3|10|9
19	389	TCACAGCGAGG	3	|6|5|0