seq	pos	motif	mutations	mut_pos
X	X	GGTCACACAAT	0	
0	322	GGACACCCAAG	3	|2|6|10
1	554	GGTCTCAGAAA	3	|7|10|4
2	531	AGTGACACAGT	3	|0|3|9
3	154	CGTCCCACATT	3	|0|4|9
4	388	GGCCACACTAG	3	|2|10|8
5	341	GGTAACAATAT	3	|7|3|8
6	523	GGTAACCCATT	3	|3|6|9
7	534	GGTCAAGCAGT	3	|9|6|5
8	54	GGTCACAGGAC	3	|8|10|7
9	1	AGCCACACAAC	3	|0|10|2
10	321	GATAACACACT	3	|9|3|1
11	523	CGTCAGACATT	3	|9|5|0
12	7	AGATACACAAT	3	|0|3|2
13	242	GCTAACACGAT	3	|1|8|3
14	406	GATCACACGGT	3	|1|9|8
15	283	GATCACAAAAA	3	|10|7|1
16	110	GGGCACACAGG	3	|10|2|9
17	473	GGCCCCTCAAT	3	|4|2|6
18	189	GGTTACAGACT	3	|9|3|7
19	362	CGTCACGTAAT	3	|7|0|6