seq	pos	motif	mutations	mut_pos
X	X	ACCGTTGCATA	0	
0	354	ACTTTTGCAAA	3	|9|3|2
1	516	ACCGTTGAAAT	3	|9|10|7
2	453	AGCGGTGCATC	3	|4|10|1
3	434	ACCGTACCATG	3	|6|5|10
4	95	ACCCTATCATA	3	|3|6|5
5	563	CCAGTTGCGTA	3	|0|2|8
6	554	ACGGATCCATA	3	|6|2|4
7	139	ACCGTTGAGCA	3	|7|9|8
8	553	GCCGTGCCATA	3	|0|6|5
9	578	AAGGTTGAATA	3	|2|1|7
10	28	AACGTGCCATA	3	|1|5|6
11	498	ACCCTTTCAAA	3	|3|6|9
12	484	ACATATGCATA	3	|2|3|4
13	507	CCCGTTTAATA	3	|0|7|6
14	506	GCCGTTGCGCA	3	|8|9|0
15	1	TCAGTTCCATA	3	|2|0|6
16	199	ACCCATGCGTA	3	|8|3|4
17	366	ACGCTGGCATA	3	|5|2|3
18	566	ACCGGTCCATT	3	|4|6|10
19	43	ATCGTTCAATA	3	|7|1|6