seq	pos	motif	mutations	mut_pos
X	X	AGCATCCGAGG	0	
0	41	ATCCTTCGAGG	3	|3|5|1
1	302	GGCACCCTAGG	3	|4|0|7
2	191	TTCATGCGAGG	3	|0|5|1
3	377	ATCATACGACG	3	|9|1|5
4	228	AGTATCTGAGT	3	|2|10|6
5	342	CATATCCGAGG	3	|1|2|0
6	386	AGCACTCGAGT	3	|5|4|10
7	97	AGGATCCAAGT	3	|2|7|10
8	407	AGCATCTGAAT	3	|6|9|10
9	574	AGCAGTCGAGT	3	|10|4|5
10	374	AGCCTCCCTGG	3	|8|3|7
11	48	AGCACGCAAGG	3	|7|4|5
12	15	CGCATCTCAGG	3	|7|6|0
13	513	CGCTTCCGATG	3	|9|0|3
14	103	TTCATTCGAGG	3	|0|5|1
15	349	AGCATGCGGAG	3	|8|9|5
16	254	AACAGCCGAGC	3	|10|4|1
17	566	ACCAGCAGAGG	3	|4|6|1
18	252	GGCATCTGAGT	3	|6|10|0
19	340	AGCAACCCAGT	3	|4|10|7