seq	pos	motif	mutations	mut_pos
X	X	ACCCGCGTGTG	0	
0	376	GCATGCGTGTG	3	|3|2|0
1	76	ACCCATGAGTG	3	|5|4|7
2	550	CCCCAGGTGTG	3	|5|4|0
3	103	TCCAGCGCGTG	3	|7|3|0
4	377	ACTCGTGTGTA	3	|2|5|10
5	430	ACCGGAGGGTG	3	|3|7|5
6	34	AGCCGTATGTG	3	|1|6|5
7	215	TCCCGCGTGAA	3	|10|0|9
8	436	ACCCACATGGG	3	|9|4|6
9	102	ACCCGCGCAAG	3	|8|9|7
10	284	ACTCGCATATG	3	|8|2|6
11	28	ACCTGCGTGAC	3	|3|10|9
12	453	ATCCGAGTGAG	3	|5|9|1
13	50	AGCCGGGAGTG	3	|1|7|5
14	164	TGCCGCTTGTG	3	|0|1|6
15	97	ACCGGCCTATG	3	|8|3|6
16	13	ACCCACGTCAG	3	|8|4|9
17	127	ACCCGTTTGAG	3	|6|9|5
18	391	AGCGGCATGTG	3	|3|1|6
19	530	GCCCGCGTGCT	3	|0|9|10