seq	pos	motif	mutations	mut_pos
X	X	GGAATTGGGGC	0	
0	155	TGGAATGGGGC	3	|0|4|2
1	317	GCAAGTCGGGC	3	|4|6|1
2	6	AGAAGTGAGGC	3	|0|4|7
3	586	AGAAGTGGGGT	3	|4|0|10
4	577	GGCACTGGAGC	3	|2|4|8
5	328	GGAATCGCAGC	3	|7|5|8
6	427	TGAGTTAGGGC	3	|3|0|6
7	450	CCATTTGGGGC	3	|3|1|0
8	318	GGATTTGTGGT	3	|7|3|10
9	200	GGAACTCAGGC	3	|7|6|4
10	377	GGACTTTGGCC	3	|6|3|9
11	114	GGAATTTGTCC	3	|6|9|8
12	499	GTAATGGGTGC	3	|1|8|5
13	14	GAAAGTGGGCC	3	|1|4|9
14	115	AGCATTGGCGC	3	|8|2|0
15	92	GGACCTGAGGC	3	|3|7|4
16	210	GCAATTGGTCC	3	|1|8|9
17	464	GGAATTGCAGG	3	|7|8|10
18	459	GGTATATGGGC	3	|5|6|2
19	135	AGATTTGCGGC	3	|7|3|0