seq	pos	motif	mutations	mut_pos
X	X	TAGCGAACATT	0	
0	419	TAGAGAACGAT	3	|8|3|9
1	464	TAACGAACTGT	3	|9|8|2
2	186	TCGCGAACGGT	3	|1|8|9
3	379	TAGAGGACAAT	3	|3|9|5
4	465	TAGCCATAATT	3	|6|7|4
5	514	TAGGCAACACT	3	|4|9|3
6	362	TGGAGAACAAT	3	|1|3|9
7	509	TTGCGCCCATT	3	|5|1|6
8	536	TAACAACCATT	3	|2|6|4
9	312	AAGCGAAAATC	3	|0|10|7
10	87	TATCGAACTGT	3	|9|2|8
11	232	TGGGCAACATT	3	|4|3|1
12	509	TAACGTACGTT	3	|2|5|8
13	122	CCGCGAACACT	3	|1|0|9
14	168	CATCGAACAGT	3	|0|2|9
15	123	TAGCGACTAAT	3	|6|9|7
16	392	CAGCCAGCATT	3	|6|4|0
17	369	TTACGAACATC	3	|1|2|10
18	167	CCGCCAACATT	3	|1|4|0
19	410	TCGCGTTCATT	3	|5|1|6