seq	pos	motif	mutations	mut_pos
X	X	TAATCCACAAA	0	
0	110	TACTTCACAAA	2	|4|2
1	316	TAGTTCACAAA	2	|2|4
2	347	TAAGCCACAAC	2	|10|3
3	332	TAATCCAGAAC	2	|10|7
4	53	TCATCCATAAA	2	|1|7
5	377	TACTCCACACA	2	|2|9
6	314	TCTTCCACAAA	2	|1|2
7	271	TACTCCATAAA	2	|2|7
8	10	TAATCAACAAC	2	|10|5
9	336	TAGTCCACCAA	2	|2|8
10	263	TAAGCCAAAAA	2	|7|3
11	124	TAATCCATGAA	2	|7|8
12	280	CAATCCCCAAA	2	|0|6
13	426	TACTCCACTAA	2	|8|2
14	229	TAATTCCCAAA	2	|6|4
15	468	TAAGCCACAAT	2	|10|3
16	282	TAAACCCCAAA	2	|6|3
17	292	CAATCCTCAAA	2	|6|0
18	53	TAGTCCACAAT	2	|10|2
19	378	TAGTCTACAAA	2	|5|2