seq	pos	motif	mutations	mut_pos
X	X	CACGATGCTTC	0	
0	366	AACGATGCATC	2	|8|0
1	36	CACTATGCTGC	2	|3|9
2	408	CACGTTGCGTC	2	|4|8
3	380	CCCAATGCTTC	2	|1|3
4	251	CACGAAGCTCC	2	|9|5
5	4	CACTTTGCTTC	2	|3|4
6	257	CACGATGATTG	2	|10|7
7	467	GAAGATGCTTC	2	|0|2
8	480	CAGGCTGCTTC	2	|4|2
9	532	TACTATGCTTC	2	|3|0
10	58	CACGATGCTGG	2	|9|10
11	522	CACGAAGCCTC	2	|5|8
12	77	CACGATTTTTC	2	|6|7
13	216	CCAGATGCTTC	2	|2|1
14	324	CACGATCCGTC	2	|8|6
15	179	CAGGATACTTC	2	|2|6
16	439	AACGATGCGTC	2	|0|8
17	89	CATGATGCTTG	2	|10|2
18	243	CACGATGCCTT	2	|10|8
19	97	CACGATGCACC	2	|8|9