seq	pos	motif	mutations	mut_pos
X	X	CGGAATGAAGC	0	
0	9	CGCAATGAAAC	2	|9|2
1	554	CTGAATGGAGC	2	|7|1
2	184	AGGAATGAAAC	2	|0|9
3	243	CCGAATGAATC	2	|1|9
4	167	CAGATTGAAGC	2	|4|1
5	297	CGAAATGAAAC	2	|2|9
6	46	CCGAATGAAGG	2	|1|10
7	334	CGGAATGACGA	2	|8|10
8	14	CGGTATTAAGC	2	|3|6
9	76	CGGAATGAAAG	2	|9|10
10	252	CGGAATGATGA	2	|8|10
11	468	CGGATTGAAAC	2	|9|4
12	192	CGGAACAAAGC	2	|6|5
13	312	TGGAATGAAGT	2	|0|10
14	89	CGAAATTAAGC	2	|6|2
15	384	CGAAATGAAGT	2	|2|10
16	414	CGGAATGGCGC	2	|8|7
17	161	CGGAATGGACC	2	|9|7
18	404	CGGAACGATGC	2	|8|5
19	571	CGGAATGACAC	2	|8|9