seq	pos	motif	mutations	mut_pos
X	X	GCTTTAGTGCT	0	
0	431	GCTTTAGTGGC	2	|10|9
1	389	GCTTGCGTGCT	2	|4|5
2	490	GCGTTGGTGCT	2	|2|5
3	374	GCTCTGGTGCT	2	|3|5
4	565	GGTCTAGTGCT	2	|3|1
5	71	GTTTTAGTGCA	2	|1|10
6	524	GGTTTAGCGCT	2	|1|7
7	22	GCTTTAAGGCT	2	|6|7
8	365	GCTTTACCGCT	2	|7|6
9	542	GCTTTAGCACT	2	|8|7
10	5	GCTTGCGTGCT	2	|4|5
11	62	GCCTTAGTACT	2	|8|2
12	65	TCTTCAGTGCT	2	|4|0
13	324	CCTTTAATGCT	2	|6|0
14	282	GCTTTATTGCG	2	|10|6
15	95	GCTTTAGGGCG	2	|7|10
16	469	CCTTTAGTGCG	2	|10|0
17	39	TATTTAGTGCT	2	|1|0
18	148	GCTTTAATCCT	2	|8|6
19	468	CCTTTAGTGCA	2	|10|0