seq	pos	motif	mutations	mut_pos
X	X	CTCGCAGGGGA	0	
0	180	CTCGCAGGAGT	2	|8|10
1	76	CTGGCAGGCGA	2	|2|8
2	493	CTCACAGCGGA	2	|3|7
3	198	GTCGAAGGGGA	2	|4|0
4	316	CTGGCAGGTGA	2	|8|2
5	412	CTCCCATGGGA	2	|3|6
6	443	CTCCCGGGGGA	2	|3|5
7	161	CACGCGGGGGA	2	|5|1
8	27	CTCGCACCGGA	2	|6|7
9	226	CCCGCAGTGGA	2	|1|7
10	510	CTCGCACGGGG	2	|10|6
11	153	CCCGCAGGTGA	2	|8|1
12	413	CCCGCGGGGGA	2	|5|1
13	557	CTCTCATGGGA	2	|3|6
14	13	CTCGCAGGTCA	2	|8|9
15	214	CTCCCAGAGGA	2	|3|7
16	488	CTCGCGGGGAA	2	|5|9
17	315	ATCCCAGGGGA	2	|3|0
18	455	CTCGCAGGGAT	2	|10|9
19	507	CTCGCAACGGA	2	|6|7