seq	pos	motif	mutations	mut_pos
X	X	GTGGCCCCATA	0	
0	583	GAGGCCCAATA	2	|1|7
1	563	GTGGGCCCGTA	2	|4|8
2	551	GTCGCCCCAAA	2	|2|9
3	313	GTGCCCCCATT	2	|10|3
4	107	GGCGCCCCATA	2	|1|2
5	28	ATGGCCCCTTA	2	|0|8
6	398	GGGGCCCCTTA	2	|8|1
7	220	AGGGCCCCATA	2	|1|0
8	47	GTGCGCCCATA	2	|3|4
9	438	TTGGCACCATA	2	|5|0
10	465	GTGCCACCATA	2	|5|3
11	390	GTGGGCCCATG	2	|4|10
12	446	GTGGCACCTTA	2	|8|5
13	264	GTGGCCGCGTA	2	|6|8
14	13	GTGTCCCCATC	2	|10|3
15	202	GTGGCCCGGTA	2	|8|7
16	573	GTGGCCTCGTA	2	|8|6
17	190	GTGGCTGCATA	2	|5|6
18	45	GCGGCCACATA	2	|6|1
19	534	GTGGCCGGATA	2	|7|6