seq	pos	motif	mutations	mut_pos
X	X	CTTCGTCATGG	0	
0	10	CTTCGTTAGGG	2	|6|8
1	281	CTTCAGCATGG	2	|5|4
2	560	GTCCGTCATGG	2	|0|2
3	242	CTTCGTGATGA	2	|6|10
4	343	CTTCGTCATAT	2	|9|10
5	211	TGTCGTCATGG	2	|0|1
6	446	CTTCGCCGTGG	2	|7|5
7	453	CTTCGGCATGC	2	|5|10
8	10	CTTCGTCGTGA	2	|10|7
9	1	CATCGTCATGC	2	|1|10
10	222	CCTCATCATGG	2	|4|1
11	58	CATCGTAATGG	2	|1|6
12	71	CTTGGTCATGA	2	|3|10
13	576	GTTCGACATGG	2	|5|0
14	74	CTTCGCCGTGG	2	|7|5
15	449	CTTCGTCAAGT	2	|10|8
16	417	CGTCGTCATGT	2	|10|1
17	244	CTTGGTCTTGG	2	|7|3
18	199	CTTCGTTATGC	2	|10|6
19	249	CTTCGTCCTGC	2	|7|10