seq	pos	motif	mutations	mut_pos
X	X	GGACTGCAGGT	0	
0	338	GGCCTGCAGAT	2	|2|9
1	180	GGGCTACAGGT	2	|5|2
2	390	GAACTGCATGT	2	|1|8
3	53	GAACTGCACGT	2	|1|8
4	273	GGAGTGCATGT	2	|3|8
5	548	CGACTGCAGAT	2	|0|9
6	32	GGACTGCAGTG	2	|10|9
7	281	AGACTGCACGT	2	|0|8
8	422	CGACTGCAAGT	2	|0|8
9	267	GGACTTCAGTT	2	|9|5
10	417	CGACTGAAGGT	2	|0|6
11	273	GCACTGCAGGC	2	|10|1
12	311	GGACTAAAGGT	2	|5|6
13	231	GGCCTGAAGGT	2	|2|6
14	539	GGACTACAGGA	2	|10|5
15	449	GGACTGAGGGT	2	|7|6
16	366	GGTCAGCAGGT	2	|2|4
17	215	GCACTGGAGGT	2	|1|6
18	346	TGACAGCAGGT	2	|0|4
19	350	GGATTGCACGT	2	|3|8