seq	pos	motif	mutations	mut_pos
X	X	GTGGCCTCTCA	0	
0	422	GTGGCAGCTCA	2	|5|6
1	66	GTGCCCACTCA	2	|3|6
2	374	GAGGACTCTCA	2	|1|4
3	269	GGGGCGTCTCA	2	|1|5
4	69	CTGGCCTCTTA	2	|9|0
5	483	GTGACCTCTCG	2	|10|3
6	435	GTAGCCCCTCA	2	|6|2
7	15	GTGGTCCCTCA	2	|6|4
8	19	CTGGCCGCTCA	2	|6|0
9	264	GCGGACTCTCA	2	|1|4
10	374	GTGGCGGCTCA	2	|6|5
11	73	GTGGCCTCGCG	2	|10|8
12	179	GTCGCATCTCA	2	|5|2
13	450	GTTGCATCTCA	2	|2|5
14	27	GTGGGGTCTCA	2	|4|5
15	447	GTGGCGTCTCC	2	|5|10
16	408	GTGGCCTCGCT	2	|8|10
17	448	TTGGCCTCCCA	2	|0|8
18	195	GGGGACTCTCA	2	|1|4
19	16	TTGGACTCTCA	2	|4|0