seq	pos	motif	mutations	mut_pos
X	X	TGAAGCAGAAG	0	
0	287	TAAATCAGAAG	2	|1|4
1	317	TGAAGTAGAAA	2	|5|10
2	184	TGCACCAGAAG	2	|4|2
3	107	TGGAGCAGGAG	2	|8|2
4	313	TGAAGCGCAAG	2	|7|6
5	266	TGTGGCAGAAG	2	|2|3
6	178	TGAAGCAGGCG	2	|8|9
7	366	GGAAGTAGAAG	2	|5|0
8	88	GGAAGCAGGAG	2	|0|8
9	368	AGAAGCAGGAG	2	|0|8
10	59	TGAGGCAGTAG	2	|8|3
11	256	TGAACCAGAAA	2	|10|4
12	161	TAAAGAAGAAG	2	|1|5
13	152	TGAAGTACAAG	2	|7|5
14	289	TGGGGCAGAAG	2	|3|2
15	34	TAAAGCAGGAG	2	|1|8
16	205	CGAAGCAGATG	2	|9|0
17	402	GGAGGCAGAAG	2	|0|3
18	483	TTAACCAGAAG	2	|4|1
19	571	TAAGGCAGAAG	2	|3|1