seq	pos	motif	mutations	mut_pos
X	X	CCGCCCCGATG	0	
0	140	CCGCCCTGACG	2	|9|6
1	251	CCGACCCTATG	2	|7|3
2	235	CCGCCCCGGTC	2	|10|8
3	447	CCGGCCCGATC	2	|10|3
4	512	CCACCCCCATG	2	|7|2
5	528	CCGCCACAATG	2	|5|7
6	532	CCTGCCCGATG	2	|2|3
7	356	GGGCCCCGATG	2	|1|0
8	241	CCCCTCCGATG	2	|4|2
9	187	CCGCCCCGAGC	2	|9|10
10	4	CCATCCCGATG	2	|2|3
11	347	CCGCCCGGGTG	2	|8|6
12	384	CCGCCACGATA	2	|10|5
13	136	CCGCCCAAATG	2	|6|7
14	289	CCGCCACGTTG	2	|8|5
15	139	CCGCTCCGTTG	2	|4|8
16	306	CCGGTCCGATG	2	|3|4
17	445	CAGCCCAGATG	2	|6|1
18	131	CCGCTCCCATG	2	|4|7
19	157	CCAGCCCGATG	2	|2|3