seq	pos	motif	mutations	mut_pos
X	X	TCAGCGAACCG	0	
0	78	TCAGCACACCG	2	|6|5
1	13	TCAGCACACCG	2	|5|6
2	446	GCACCGAACCG	2	|3|0
3	422	TCATAGAACCG	2	|3|4
4	224	TCAGAAAACCG	2	|4|5
5	470	GGAGCGAACCG	2	|0|1
6	231	TTAGCGAAACG	2	|8|1
7	241	TCAGCGAATTG	2	|9|8
8	61	TCAGGGCACCG	2	|4|6
9	386	TCAGCGAGGCG	2	|8|7
10	471	TCCGCTAACCG	2	|2|5
11	11	TCGACGAACCG	2	|3|2
12	478	ACAGCGAAGCG	2	|8|0
13	372	TCAGCAAACGG	2	|9|5
14	407	TCAGCAAATCG	2	|5|8
15	530	TCCGCGTACCG	2	|2|6
16	473	ACAGCGAACCT	2	|10|0
17	136	TCGGCGAACCT	2	|10|2
18	477	ACAGAGAACCG	2	|4|0
19	121	TCAGCGAGCTG	2	|7|9