seq	pos	motif	mutations	mut_pos
X	X	AGGCAGGGTCA	0	
0	514	AGCCAGGCTCA	2	|2|7
1	562	TGGCAGGGTAA	2	|9|0
2	472	AGATAGGGTCA	2	|3|2
3	500	TGGCAGGGCCA	2	|0|8
4	574	AGCCAGGGACA	2	|8|2
5	328	AGGCAGGGTTC	2	|9|10
6	248	AGGCGGGGTAA	2	|4|9
7	512	AGGCAGGAACA	2	|8|7
8	484	AGGCAGTATCA	2	|6|7
9	436	ATGCCGGGTCA	2	|4|1
10	337	AGGCAGTGCCA	2	|8|6
11	375	TGGCACGGTCA	2	|5|0
12	172	AGGCAGGCACA	2	|8|7
13	372	AGCCCGGGTCA	2	|4|2
14	533	AGGCGCGGTCA	2	|4|5
15	569	AGCTAGGGTCA	2	|3|2
16	152	AGGCACGTTCA	2	|7|5
17	434	AGTCAGGGGCA	2	|8|2
18	472	AGGCAGCGCCA	2	|8|6
19	467	AGGCAGGGTAG	2	|9|10