seq	pos	motif	mutations	mut_pos
X	X	CTCTCTGTAAG	0	
0	101	ATCACTGTAAG	2	|3|0
1	149	CTCCCTGGAAG	2	|3|7
2	183	ATCTCAGTAAG	2	|0|5
3	188	CTCTATTTAAG	2	|4|6
4	453	ATCTCTGTCAG	2	|0|8
5	311	CTTTCTTTAAG	2	|2|6
6	573	CGCTATGTAAG	2	|4|1
7	570	CTCTCCGTGAG	2	|5|8
8	458	CTGTATGTAAG	2	|2|4
9	407	GTCCCTGTAAG	2	|0|3
10	413	CTCGCCGTAAG	2	|5|3
11	117	CTCTCTCTTAG	2	|8|6
12	571	CTTTCTGCAAG	2	|7|2
13	365	TTCTCTGTAGG	2	|0|9
14	97	CTTTCGGTAAG	2	|2|5
15	293	CTCTGTGAAAG	2	|4|7
16	514	CTATCTATAAG	2	|2|6
17	577	CACTCGGTAAG	2	|1|5
18	215	CTCTCTGTGGG	2	|9|8
19	101	CATTCTGTAAG	2	|1|2