seq	pos	motif	mutations	mut_pos
X	X	ACCAAAATATT	0	
0	10	ACCAATCTATT	2	|6|5
1	141	ACAACAATATT	2	|2|4
2	421	ACCAAAAATTT	2	|7|8
3	222	ACGAAAATATG	2	|2|10
4	341	ACCAAACTAAT	2	|6|9
5	363	TCCAAAATAAT	2	|0|9
6	491	ACCCAAATGTT	2	|3|8
7	175	ACCAATATATG	2	|5|10
8	147	ACCAGAATTTT	2	|8|4
9	43	TCCATAATATT	2	|4|0
10	514	GCCTAAATATT	2	|3|0
11	108	AACTAAATATT	2	|3|1
12	91	TCGAAAATATT	2	|0|2
13	433	ATCAAAATCTT	2	|1|8
14	541	ACCACAAGATT	2	|7|4
15	506	GCTAAAATATT	2	|2|0
16	375	ACGAAGATATT	2	|2|5
17	67	ACCATAATATA	2	|10|4
18	395	ACCAAGATATG	2	|10|5
19	332	ACCAAAATGTA	2	|10|8