seq	pos	motif	mutations	mut_pos
X	X	ATTAGACCGGG	0	
0	156	ACTAGATCGGG	2	|6|1
1	290	ATGAGACCAGG	2	|8|2
2	192	ACTAGACAGGG	2	|1|7
3	252	ATTAGAACAGG	2	|8|6
4	470	ATTAGTCCGTG	2	|5|9
5	1	GTTAGACAGGG	2	|7|0
6	76	ATTAGAGTGGG	2	|6|7
7	198	CTTTGACCGGG	2	|0|3
8	458	TTTAGATCGGG	2	|6|0
9	315	ACTAGACCGAG	2	|1|9
10	212	ATAAGGCCGGG	2	|2|5
11	56	CTTATACCGGG	2	|4|0
12	9	GTTAGTCCGGG	2	|0|5
13	114	CTTAGAGCGGG	2	|6|0
14	316	ATTAAATCGGG	2	|6|4
15	48	ATTACACCCGG	2	|4|8
16	502	ATGAGACCGGC	2	|2|10
17	88	ATTAGAACGTG	2	|6|9
18	4	ATTACGCCGGG	2	|5|4
19	239	TTAAGACCGGG	2	|2|0