seq	pos	motif	mutations	mut_pos
X	X	CTTATGGACGT	0	
0	24	CTTGTCGACGT	2	|5|3
1	220	GTAATGGACGT	2	|2|0
2	316	CTTCTGGACTT	2	|9|3
3	181	CTATTGGACGT	2	|3|2
4	130	CTCATGGACTT	2	|2|9
5	574	CTGGTGGACGT	2	|2|3
6	248	CTTAAGGATGT	2	|4|8
7	575	CTTAGGGACCT	2	|9|4
8	564	TTTATGGGCGT	2	|7|0
9	453	CTTCTGGATGT	2	|8|3
10	58	CTAACGGACGT	2	|4|2
11	154	CTTATCGATGT	2	|5|8
12	110	CTTATGGCCCT	2	|9|7
13	70	GTTATTGACGT	2	|0|5
14	125	CCTATGGTCGT	2	|1|7
15	78	CTGATGGACGA	2	|10|2
16	158	CCGATGGACGT	2	|1|2
17	106	CTTACGGATGT	2	|8|4
18	37	CTTATGGTCGC	2	|10|7
19	374	TTTATGGACCT	2	|9|0