seq	pos	motif	mutations	mut_pos
X	X	AGGGTGAAATC	0	
0	215	ACGGCGAAATC	2	|4|1
1	284	TGGGTGACATC	2	|7|0
2	93	ATGGTGAAATG	2	|1|10
3	589	AGTCTGAAATC	2	|3|2
4	337	TGGGTGAATTC	2	|8|0
5	388	ACGGCGAAATC	2	|1|4
6	193	AGGGTGTAAGC	2	|6|9
7	275	AGGGTGCAAGC	2	|9|6
8	121	AGCGTGCAATC	2	|2|6
9	259	AGTGCGAAATC	2	|4|2
10	231	ACGGTGGAATC	2	|1|6
11	158	GGGGTGTAATC	2	|0|6
12	421	AGGGTGTTATC	2	|6|7
13	415	AGGTTGACATC	2	|7|3
14	367	AGGGTGACATG	2	|7|10
15	296	AGGGGGCAATC	2	|6|4
16	97	ACGGTGAAAAC	2	|9|1
17	86	AGCGTGGAATC	2	|2|6
18	108	AGGTTGAACTC	2	|3|8
19	86	AGCGTGAAGTC	2	|8|2