seq	pos	motif	mutations	mut_pos
X	X	GGGCACTAGCC	0	
0	535	GGGAACTAGCA	2	|10|3
1	228	GGGCCCTATCC	2	|8|4
2	59	GGTCACTCGCC	2	|7|2
3	83	GGGCTTTAGCC	2	|5|4
4	425	GGGCCCTCGCC	2	|7|4
5	281	GGTCACTAGCA	2	|2|10
6	462	CGGCACTAGGC	2	|0|9
7	192	AGTCACTAGCC	2	|0|2
8	47	GGGCCCTAGCA	2	|4|10
9	125	GGGAACTAGCT	2	|3|10
10	37	GGGCACTAACT	2	|10|8
11	38	CGGCACTACCC	2	|8|0
12	411	GTACACTAGCC	2	|1|2
13	325	GGGCACCGGCC	2	|6|7
14	223	GGCCTCTAGCC	2	|2|4
15	227	GGGCAATTGCC	2	|5|7
16	189	AGGCACTTGCC	2	|0|7
17	580	GAGGACTAGCC	2	|3|1
18	570	GGGCAGTAGAC	2	|9|5
19	157	GGGCACTATTC	2	|9|8