seq	pos	motif	mutations	mut_pos
X	X	GTACTAGCTTT	0	
0	132	TTACTAGCCTT	2	|8|0
1	121	GTAAGAGCTTT	2	|4|3
2	26	GAACTAGCATT	2	|1|8
3	305	GTACCAGCTTC	2	|4|10
4	282	GTACTAGCTAA	2	|9|10
5	519	GTACTGGCTTC	2	|5|10
6	215	GTACTAGCCTG	2	|10|8
7	408	GGACGAGCTTT	2	|4|1
8	382	GTACATGCTTT	2	|4|5
9	373	GTAGTAGCTTA	2	|3|10
10	29	GTAATAGCATT	2	|8|3
11	163	GTATTAGCTTG	2	|10|3
12	489	GTACTAGTCTT	2	|7|8
13	570	GTACCAGGTTT	2	|4|7
14	36	TTGCTAGCTTT	2	|2|0
15	210	CTACTAGCTTG	2	|10|0
16	105	CTACTAGCATT	2	|8|0
17	50	GTCATAGCTTT	2	|3|2
18	310	ATACAAGCTTT	2	|0|4
19	484	GTCCTATCTTT	2	|2|6