seq	pos	motif	mutations	mut_pos
X	X	CTGTCTAAAATT	0	
0	32	CTGTCTCAAAGC	3	|10|11|6
1	380	CAGTCTAATAAT	3	|10|8|1
2	290	CTGTCCGAACTT	3	|5|9|6
3	478	CTCTCTTAGATT	3	|6|2|8
4	439	CGGTCTAACAAT	3	|8|10|1
5	565	CGGTCACAAATT	3	|6|1|5
6	585	CTATCAACAATT	3	|5|2|7
7	60	CTGGCTAACGTT	3	|9|3|8
8	231	CTCTCTGAAATC	3	|11|6|2
9	106	CTCTCTAAAAAG	3	|11|2|10
10	53	CGGTCTTAAATG	3	|6|11|1
11	561	ATGTCTAGAAAT	3	|10|0|7
12	431	GTGTCTAACATA	3	|11|0|8
13	218	CTGTTTAACAAT	3	|4|10|8
14	217	ATCTCTACAATT	3	|2|0|7
15	519	CTTTCCAAAATA	3	|5|11|2
16	413	CTGCCTTAATTT	3	|6|9|3
17	491	CTGCCAGAAATT	3	|5|6|3
18	0	CCTTCTTAAATT	3	|2|6|1
19	313	CTCTCTGAACTT	3	|6|2|9