seq	pos	motif	mutations	mut_pos
X	X	AGGCTTATTCGG	0	
0	236	GGGTTAATTCGG	3	|3|0|5
1	418	AGGCTACTTCAG	3	|5|10|6
2	284	AGGCTCGTTGGG	3	|5|6|9
3	316	AGTCTGATCCGG	3	|5|2|8
4	587	AGGTTTGTGCGG	3	|3|8|6
5	206	AGACTTATACCG	3	|2|8|10
6	517	AGGCTTACCTGG	3	|8|9|7
7	479	AAGCTCATTTGG	3	|9|1|5
8	419	AGACTTATTGAG	3	|2|9|10
9	166	AGGCTTCATCAG	3	|10|6|7
10	198	AGACTTACGCGG	3	|7|8|2
11	168	ACGTTGATTCGG	3	|3|5|1
12	117	AGGATAATTGGG	3	|9|5|3
13	104	AATTTTATTCGG	3	|2|1|3
14	421	AGGCCTATGTGG	3	|8|4|9
15	133	AGATGTATTCGG	3	|2|4|3
16	347	TGGCTGATTCTG	3	|5|0|10
17	53	CGGCTTATTTCG	3	|10|0|9
18	222	ATGCTTTGTCGG	3	|7|6|1
19	251	AGGCGTACTGGG	3	|7|4|9