seq	pos	motif	mutations	mut_pos
X	X	CTAGAGGGCTGC	0	
0	531	ATACAGGGCTGT	3	|11|3|0
1	416	GTACAGAGCTGC	3	|3|6|0
2	533	CAAGTCGGCTGC	3	|1|4|5
3	159	CTACAGGGCAGT	3	|11|3|9
4	428	CTATACGGCTGG	3	|11|5|3
5	169	CTAGTCGGCTGA	3	|5|11|4
6	128	CTAGGGGGGTTC	3	|8|4|10
7	586	CTAGTGGGCTTT	3	|10|11|4
8	42	CAGGGGGGCTGC	3	|4|2|1
9	226	ATAGAGGGTTCC	3	|8|0|10
10	458	CAACAGGTCTGC	3	|3|1|7
11	502	CTAGGTGGCTCC	3	|10|5|4
12	305	CTGGTGGGCTGT	3	|11|2|4
13	387	CGAGGCGGCTGC	3	|4|1|5
14	301	CTAGCGGGTTGT	3	|8|4|11
15	293	CTTGAGGGGTAC	3	|8|2|10
16	205	CCGGAGGGCTTC	3	|2|1|10
17	102	CGAGAGAACTGC	3	|6|7|1
18	559	GTGTAGGGCTGC	3	|0|2|3
19	160	CTATAGGGCCGA	3	|3|9|11