seq	pos	motif	mutations	mut_pos
X	X	CTCCATTGGTGT	0	
0	321	CTCTATTGATTT	3	|8|10|3
1	180	CTCCCTAAGTGT	3	|7|4|6
2	199	GTCCGTTGCTGT	3	|0|8|4
3	214	CAGCATTGGTAT	3	|1|2|10
4	476	CTCCGTTGGGGA	3	|11|4|9
5	358	TTCAATTGGGGT	3	|0|3|9
6	340	CTCGGTTGGTGG	3	|3|11|4
7	518	CTCCATGGGGCT	3	|6|10|9
8	511	CGCCATGAGTGT	3	|6|1|7
9	224	TGCCATTGGTGG	3	|1|11|0
10	361	CGCCCTGGGTGT	3	|6|1|4
11	357	CTCCACCGGTCT	3	|10|6|5
12	194	CACCTTTGGGGT	3	|1|9|4
13	519	CTCCGACGGTGT	3	|4|5|6
14	426	CTCCATGTGTGC	3	|7|11|6
15	195	CTCCTCTGGCGT	3	|4|9|5
16	338	CTACAATGTTGT	3	|8|5|2
17	125	CTCCATGGGTTG	3	|10|6|11
18	304	CTCTATTGTTGC	3	|11|8|3
19	489	CTGCCGTGGTGT	3	|5|2|4