seq	pos	motif	mutations	mut_pos
X	X	TCACTTGACAAG	0	
0	475	TCACTTTACTAT	3	|9|6|11
1	348	TAAGTTGAAAAG	3	|1|8|3
2	60	TCACCGTACAAG	3	|6|5|4
3	579	TAACCTGACAAA	3	|1|4|11
4	68	TCAACTGGCAAG	3	|7|4|3
5	458	GTACTTGACAGG	3	|0|10|1
6	377	TGACTCCACAAG	3	|1|6|5
7	189	TGATTTGAAAAG	3	|8|1|3
8	424	CCACTTCACGAG	3	|0|6|9
9	483	TCCCTGCACAAG	3	|6|5|2
10	103	CCGCTTGACCAG	3	|2|9|0
11	214	TCAAGTGGCAAG	3	|3|7|4
12	249	TCACTGGCCAGG	3	|5|10|7
13	289	TCCTCTGACAAG	3	|2|4|3
14	198	TCACCCGACAGG	3	|10|5|4
15	267	TCACTGGACGAA	3	|5|9|11
16	91	TCATTTGGCTAG	3	|3|7|9
17	382	TCATGTGACATG	3	|4|10|3
18	405	TCGCTTGACTCG	3	|2|10|9
19	475	TCATATGACAAT	3	|11|3|4