seq	pos	motif	mutations	mut_pos
X	X	CATTCCTCACCA	0	
0	490	GATTACACACCA	3	|0|4|6
1	478	CTTTCCCCAACA	3	|1|9|6
2	21	CTTTCGTAACCA	3	|5|1|7
3	246	CGTTCCTGACAA	3	|1|10|7
4	108	CACACCTCACCT	3	|2|3|11
5	161	CTTTCCTCAAGA	3	|9|1|10
6	509	CTTTCCTGTCCA	3	|7|1|8
7	462	CACTCCTCACGT	3	|2|11|10
8	135	CATTCCTCCTTA	3	|9|10|8
9	388	CATTCATTACTA	3	|10|5|7
10	375	CGGTCCTCACTA	3	|2|10|1
11	229	CACTCCTCAACG	3	|11|2|9
12	355	AATATCTCACCA	3	|4|0|3
13	266	CAATACTGACCA	3	|4|7|2
14	311	CAGTCCTCAGCC	3	|2|11|9
15	64	AATTCGTGACCA	3	|7|5|0
16	90	CATTCATCATCG	3	|9|11|5
17	157	CATTCCACCTCA	3	|6|9|8
18	183	TATGCATCACCA	3	|5|3|0
19	272	CATGCCTCCCCT	3	|11|3|8