seq	pos	motif	mutations	mut_pos
X	X	AATCCAACTACG	0	
0	571	AATGCAAATACT	3	|7|3|11
1	546	ACTCCGACTGCG	3	|9|1|5
2	337	AATTCGTCTACG	3	|5|6|3
3	24	GATGCAACTACA	3	|0|3|11
4	261	AATCCAGCTTTG	3	|6|10|9
5	522	ACTCAATCTACG	3	|6|4|1
6	134	AATGCAACCACA	3	|8|3|11
7	242	CACCCAACTGCG	3	|0|2|9
8	311	ACTCCAACGACC	3	|8|1|11
9	353	AATCCACCAACA	3	|6|11|8
10	469	AATCCAATCACC	3	|8|7|11
11	2	AATAAAACAACG	3	|4|8|3
12	274	AATCGGACTATG	3	|5|4|10
13	251	AGTCCACGTACG	3	|6|7|1
14	418	ATTCCAACTTCA	3	|11|1|9
15	482	AATGTAAATACG	3	|4|7|3
16	390	ACTCCAGCTATG	3	|1|6|10
17	225	AGTCCAGCAACG	3	|1|8|6
18	280	AGTCGAATTACG	3	|1|4|7
19	291	AAGACAACTCCG	3	|3|9|2