seq	pos	motif	mutations	mut_pos
X	X	CCGCTGATACAC	0	
0	441	CCGTGGATACAT	3	|3|11|4
1	575	CCGCTTCTACCC	3	|10|5|6
2	105	CGGCCGATACGC	3	|4|10|1
3	398	CCCCAGCTACAC	3	|4|2|6
4	206	CCGCTGACAAAT	3	|9|11|7
5	335	TCGCGGATAAAC	3	|4|0|9
6	277	GGGCTAATACAC	3	|5|0|1
7	375	CCGCTGGCACAA	3	|11|6|7
8	234	CTGCTGATGTAC	3	|1|8|9
9	257	TAGCTGATACAA	3	|0|1|11
10	354	CGTCTTATACAC	3	|5|2|1
11	179	GCACTGATATAC	3	|9|0|2
12	196	CCGCTGGCACAT	3	|7|6|11
13	449	CCGATAGTACAC	3	|5|6|3
14	40	ACGCTGTTGCAC	3	|6|0|8
15	83	TAACTGATACAC	3	|2|1|0
16	366	CCGGTAATATAC	3	|3|5|9
17	484	TCGCCGATACTC	3	|4|0|10
18	262	GTGCTGTTACAC	3	|0|6|1
19	119	CCGGGGATACAT	3	|11|4|3