seq	pos	motif	mutations	mut_pos
X	X	GATTTTGTTAGA	0	
0	297	GGTTTTATTACA	3	|1|10|6
1	568	CGTTTCGTTAGA	3	|5|1|0
2	320	GATATTTATAGA	3	|7|6|3
3	8	AATGCTGTTAGA	3	|3|0|4
4	540	GCATTAGTTAGA	3	|2|5|1
5	543	TATTTTGCTACA	3	|10|0|7
6	237	GATCTTATTCGA	3	|6|9|3
7	302	TGTTTTATTAGA	3	|6|0|1
8	509	AATTTTGTTTTA	3	|10|9|0
9	28	GATCCTGTTTGA	3	|9|3|4
10	251	AATTTTGTGATA	3	|10|0|8
11	446	GAGATTGGTAGA	3	|7|2|3
12	434	GATTTCGCTAGC	3	|7|11|5
13	544	GATTAGGTTAGC	3	|11|5|4
14	490	GATCTTGTAGGA	3	|9|8|3
15	554	GAGTTAATTAGA	3	|2|5|6
16	267	GCTTTAGTTAGC	3	|11|5|1
17	228	GATTTGGGTCGA	3	|7|9|5
18	393	GATGTGGTCAGA	3	|5|3|8
19	183	GATTTCCTGAGA	3	|6|8|5