seq	pos	motif	mutations	mut_pos
X	X	GGAGAGTGACAC	0	
0	415	GTAGAGTTTCAC	3	|7|8|1
1	282	TGAGAGGGACAT	3	|0|11|6
2	121	GTCGAGTAACAC	3	|1|7|2
3	395	TGAGGGTAACAC	3	|0|7|4
4	389	GGAGAGTGCCCG	3	|8|10|11
5	146	GTAGAGCGGCAC	3	|8|6|1
6	576	GGAGTCTGACAG	3	|4|11|5
7	55	GGAATGTGAGAC	3	|3|9|4
8	557	GTATAGTGACGC	3	|3|10|1
9	309	GGAGAGGGATAA	3	|6|9|11
10	197	AGAGAGTGAAGC	3	|10|9|0
11	376	GGAGAGGAAAAC	3	|6|7|9
12	184	GGAGAGTGTACC	3	|8|10|9
13	438	GGAGAGCTACCC	3	|6|7|10
14	104	CGTGAGTGACGC	3	|2|0|10
15	366	TGTGAGTTACAC	3	|2|0|7
16	355	GGAGACAGACAG	3	|6|11|5
17	187	GCAGAGTGAGAT	3	|11|9|1
18	345	GGAGATTGTCTC	3	|8|10|5
19	503	GGACTTTGACAC	3	|5|3|4