seq	pos	motif	mutations	mut_pos
X	X	CAGTAACTACTT	0	
0	117	CAGTTCCCACTT	3	|4|5|7
1	129	CAGTAGCTACAA	3	|10|11|5
2	464	TACTTACTACTT	3	|2|0|4
3	137	CAGGCACTTCTT	3	|3|4|8
4	296	CAGTATACACTT	3	|7|6|5
5	335	CCGTAACCGCTT	3	|1|8|7
6	56	CAGTTAATTCTT	3	|4|8|6
7	379	AAGGATCTACTT	3	|3|0|5
8	557	CAGTCGCTAATT	3	|4|9|5
9	363	CACAAACTACAT	3	|3|10|2
10	217	TAGGAACTACCT	3	|0|3|10
11	459	CACTGACTTCTT	3	|8|4|2
12	67	CGGTAAGCACTT	3	|6|1|7
13	367	CAGTAAATACGC	3	|6|10|11
14	435	CAGTAATTACCA	3	|6|11|10
15	278	CACTAACAAGTT	3	|7|9|2
16	379	GAGTGACTACGT	3	|4|0|10
17	322	AAGTAACGACTG	3	|7|11|0
18	498	CAGTCACAATTT	3	|4|9|7
19	287	CAGTGGCGACTT	3	|5|7|4