seq	pos	motif	mutations	mut_pos
X	X	GACCCTTCACAC	0	
0	259	GTCCCTTCCCCC	3	|1|8|10
1	356	GTCCCCTTACAC	3	|1|5|7
2	296	GACCCTTCGTTC	3	|9|8|10
3	72	CACTCTTTACAC	3	|0|3|7
4	56	GACCCATGACAA	3	|11|5|7
5	218	GACCCTGTCCAC	3	|7|6|8
6	587	GTCCCTTCCAAC	3	|9|1|8
7	177	GACTCTTCACTG	3	|10|11|3
8	585	GTACCTGCACAC	3	|1|2|6
9	100	GACTCTTCTCAA	3	|11|8|3
10	229	TCCCTTTCACAC	3	|1|0|4
11	537	AACCATTCACAA	3	|0|4|11
12	386	GACCATACGCAC	3	|4|8|6
13	456	GAGTCTGCACAC	3	|2|6|3
14	416	GACCCCTCAAAA	3	|11|9|5
15	175	TACCCATCTCAC	3	|0|5|8
16	56	GCGCCTTCAAAC	3	|2|9|1
17	487	AACCATGCACAC	3	|0|4|6
18	268	GGGCGTTCACAC	3	|2|4|1
19	251	GCCGCTTTACAC	3	|1|3|7