seq	pos	motif	mutations	mut_pos
X	X	TCCAAGTCTTTT	0	
0	214	TCCTAGGTTTTT	3	|6|7|3
1	552	TCCAAGACATGT	3	|8|10|6
2	158	TCCAGGTCATTA	3	|4|11|8
3	118	TCTAAGTATTGT	3	|10|2|7
4	226	TGCCGGTCTTTT	3	|1|4|3
5	479	TTCAACTCTTGT	3	|1|10|5
6	393	TCCAAGCCTTCC	3	|10|11|6
7	454	TTCTAGTCTTGT	3	|3|1|10
8	286	TCCCAGTCTCTG	3	|11|9|3
9	102	TCAAAGACTTAT	3	|2|10|6
10	464	TGCAAGTCTACT	3	|1|9|10
11	20	TCCACGGCTTGT	3	|4|6|10
12	80	ACCAAGCCTTTA	3	|11|6|0
13	188	TCAAAGTGCTTT	3	|8|2|7
14	568	TCCAAGTGTGTC	3	|7|9|11
15	421	TCCAAGGGTTTA	3	|6|11|7
16	5	CCCGAGTCTTCT	3	|3|0|10
17	39	TCCAAGGCTGTC	3	|9|6|11
18	80	TACAAGTATTGT	3	|1|7|10
19	577	TCCTAGTTTGTT	3	|3|7|9