seq	pos	motif	mutations	mut_pos
X	X	TCCATGGTTACA	0	
0	458	TCCGTGGAAACA	3	|7|3|8
1	72	TCCATTAGTACA	3	|6|5|7
2	374	CCGATGGTTACT	3	|0|2|11
3	3	TCGGTGGTTAAA	3	|2|10|3
4	234	TTCATCATTACA	3	|1|5|6
5	2	GCCATGATCACA	3	|8|0|6
6	50	ACCAAGGTTGCA	3	|9|0|4
7	433	TGCACGTTTACA	3	|6|1|4
8	346	CCCTTGGTTGCA	3	|0|9|3
9	234	TACACGGTTACG	3	|1|4|11
10	237	CCCACGGTTCCA	3	|0|9|4
11	543	ACCGTGATTACA	3	|6|3|0
12	225	ACCCTGGTTACG	3	|0|3|11
13	140	TCCATGATTGCC	3	|9|11|6
14	384	TCCGCTGTTACA	3	|5|3|4
15	61	TCCATGGGTAGT	3	|10|7|11
16	372	GGAATGGTTACA	3	|0|2|1
17	285	TCAATGGTCACT	3	|8|11|2
18	139	TCGATGGATAGA	3	|7|2|10
19	153	TCTATGGTAGCA	3	|9|2|8