seq	pos	motif	mutations	mut_pos
X	X	GCTTCGGGAAAA	0	
0	239	GCTACGGGCATA	3	|3|10|8
1	544	CCGACGGGAAAA	3	|2|0|3
2	92	GATCCGGGAAAC	3	|3|11|1
3	59	GCGGAGGGAAAA	3	|2|4|3
4	302	GCTTGGGGAATC	3	|4|11|10
5	439	GCCTCTGAAAAA	3	|5|2|7
6	434	GCTTAGCGACAA	3	|6|4|9
7	399	GCCTCTGGAAAG	3	|11|5|2
8	355	GATTCGGGAGAG	3	|9|1|11
9	258	ACGTCGGGCAAA	3	|2|8|0
10	369	GCTTCTCGACAA	3	|9|5|6
11	537	GGCTAGGGAAAA	3	|2|1|4
12	571	GCTGCGGGACTA	3	|10|3|9
13	486	GGTTCTGGAAAC	3	|5|11|1
14	247	GGTCCGGGAGAA	3	|1|9|3
15	203	GCTTCAGCATAA	3	|9|7|5
16	155	GATTCCGGAACA	3	|10|5|1
17	13	GCTACGGGATAC	3	|3|9|11
18	188	GCATCGGGATAC	3	|11|2|9
19	93	ACTTCGGGTTAA	3	|9|8|0