seq	pos	motif	mutations	mut_pos
X	X	ATACACAGCAGA	0	
0	486	TTACACATGAGA	3	|0|7|8
1	81	ATATGCAGCTGA	3	|4|3|9
2	134	ATTAACAGCAGC	3	|11|3|2
3	304	TTACGAAGCAGA	3	|4|5|0
4	547	ATACACAGTAAT	3	|8|10|11
5	17	AAAGACCGCAGA	3	|6|3|1
6	489	ATACATACAAGA	3	|8|5|7
7	481	AGGCACAGCAGG	3	|1|11|2
8	84	GAATACAGCAGA	3	|0|3|1
9	134	AGGCACAGTAGA	3	|1|8|2
10	221	ATTCACCGCTGA	3	|9|2|6
11	442	AAACGCAGCATA	3	|1|10|4
12	210	ACACACTGCAGT	3	|1|11|6
13	457	ATGCACGGCGGA	3	|2|6|9
14	11	ATACATAGCACT	3	|5|10|11
15	290	GTAAACAGCAGT	3	|0|11|3
16	551	ATAGAGAGCCGA	3	|9|5|3
17	102	AAACACACCGGA	3	|9|7|1
18	499	TGACACGGCAGA	3	|1|6|0
19	443	GTAGACAGCTGA	3	|9|0|3