seq	pos	motif	mutations	mut_pos
X	X	CTGTCTTTTCGA	0	
0	220	CTGTCTTTCACA	3	|9|8|10
1	328	CTGACTTTACCA	3	|3|8|10
2	503	CCGTCTTTAAGA	3	|9|8|1
3	161	CTGTAGTTTAGA	3	|5|9|4
4	104	CTGTCTCTTTGG	3	|9|6|11
5	229	CGCTTTTTTCGA	3	|4|2|1
6	183	CTCTTTTTTTGA	3	|4|9|2
7	500	CTGTCAGTTCAA	3	|6|10|5
8	452	CTCGCTGTTCGA	3	|6|3|2
9	134	CAGTTTTGTCGA	3	|1|4|7
10	511	CTGTGAGTTCGA	3	|4|5|6
11	199	GTGTCTTCTCGG	3	|7|11|0
12	202	CTGTGTAATCGA	3	|6|4|7
13	168	GTGTTTTTTTGA	3	|4|9|0
14	269	CTCAGTTTTCGA	3	|3|4|2
15	348	CCGGCTTTTCAA	3	|1|3|10
16	463	CCTCCTTTTCGA	3	|2|1|3
17	119	CGCTCTTATCGA	3	|7|2|1
18	571	CAGTCGGTTCGA	3	|5|1|6
19	186	CTCGCTTTGCGA	3	|2|3|8