seq	pos	motif	mutations	mut_pos
X	X	AGATCCTACGTG	0	
0	385	AGATCCTATGCC	3	|10|11|8
1	316	GGGTCCTACATG	3	|0|2|9
2	352	AGCTCATACGTC	3	|11|5|2
3	451	AGTCCCTACGAG	3	|10|2|3
4	164	AGATCCTAAAAG	3	|9|8|10
5	48	AGTTACTACGTT	3	|11|2|4
6	36	AGGTACTATGTG	3	|4|8|2
7	313	AGACCTTACGAG	3	|10|5|3
8	1	AGACCCTAGGAG	3	|3|8|10
9	588	GGGTTCTACGTG	3	|2|0|4
10	353	TCATCCAACGTG	3	|1|6|0
11	175	CGATACTTCGTG	3	|0|7|4
12	234	CAAGCCTACGTG	3	|3|1|0
13	322	AGATCTTAGGAG	3	|8|10|5
14	136	AGACCCTCCGTA	3	|11|7|3
15	169	CGGTCCTGCGTG	3	|0|7|2
16	576	AGAGCCTAAGGG	3	|8|10|3
17	19	GAACCCTACGTG	3	|3|0|1
18	307	AGCTTCTTCGTG	3	|2|7|4
19	428	AAATCCTAAGCG	3	|1|8|10