seq	pos	motif	mutations	mut_pos
X	X	AATACGCTAGGT	0	
0	78	ATTACGCTCGGA	3	|11|1|8
1	108	TATACGCTTGGG	3	|8|11|0
2	91	CATACGCGAGTT	3	|0|7|10
3	131	AATGCTGTAGGT	3	|5|3|6
4	215	CATACGCATGGT	3	|7|8|0
5	515	AGTACGCTAGCG	3	|10|11|1
6	36	AATATGCAATGT	3	|9|4|7
7	221	AGAACGCTACGT	3	|2|9|1
8	408	AATACTCGGGGT	3	|8|7|5
9	393	AATGTGCTACGT	3	|3|9|4
10	485	AATACGCTGGTC	3	|8|10|11
11	331	ACAACGTTAGGT	3	|2|6|1
12	8	AAGAAGATAGGT	3	|4|6|2
13	548	AATCATCTAGGT	3	|4|3|5
14	86	AATTAGTTAGGT	3	|3|4|6
15	424	ATTACGGTGGGT	3	|1|6|8
16	275	GTTCCGCTAGGT	3	|0|1|3
17	11	AATACGCCCGCT	3	|7|10|8
18	115	ACGACCCTAGGT	3	|2|5|1
19	325	AATACTTTAGGC	3	|5|6|11