seq	pos	motif	mutations	mut_pos
X	X	AAAACCTGAGCG	0	
0	94	AAATCCAGAGGG	3	|3|10|6
1	560	GATATCTGAGCG	3	|0|4|2
2	70	ACAACCTCAACG	3	|9|7|1
3	280	ACAACCAGAGCA	3	|11|6|1
4	499	AACTCCTGAGAG	3	|2|10|3
5	556	AAACCGTGAGGG	3	|5|10|3
6	14	ACAAGCTGAGGG	3	|4|1|10
7	195	TAAACCTCAGTG	3	|7|0|10
8	222	AGACCATGAGCG	3	|3|5|1
9	515	AAAATCCGAGGG	3	|10|6|4
10	480	AAGGCCTGAGCC	3	|2|11|3
11	485	GAAAACTGAGGG	3	|4|10|0
12	145	AAAACGTTAACG	3	|9|5|7
13	495	AAACCATGTGCG	3	|5|8|3
14	36	AATACCTGACCA	3	|11|2|9
15	3	AAGAGCTGCGCG	3	|2|4|8
16	66	GACACCTGACCG	3	|2|9|0
17	109	ATAAACTAAGCG	3	|4|1|7
18	383	AAAACCTTAGAC	3	|10|7|11
19	258	AGATCGTGAGCG	3	|1|5|3