seq	pos	motif	mutations	mut_pos
X	X	TGAGGTCGAAAGGAC	0	
0	354	TGTGCTCGATATGAC	4	|11|2|4|9
1	579	CAAGGTCCAAAGAAC	4	|7|1|12|0
2	30	TGATTTCCAAAGTAC	4	|3|7|4|12
3	567	ACAGGGCGAACGGAC	4	|1|10|0|5
4	361	TGACTTCGAAATGAG	4	|11|14|4|3
5	229	TAAGGGAGAAAGGAG	4	|14|6|1|5
6	320	TAAGGTTGGAAGGAT	4	|14|6|1|8
7	49	TGGGCTCCAAAGGTC	4	|2|13|7|4
8	44	GGGGGGGGAAAGGAC	4	|5|2|0|6
9	396	TGAGGATGACAGCAC	4	|5|12|9|6
10	289	TGAGGTCGAGTCAAC	4	|11|10|9|12
11	323	TGCGGTCGACTGGAA	4	|14|2|10|9
12	552	TGCGGTCTACAGGAT	4	|14|2|7|9
13	65	TGACGTGGGGAGGAC	4	|9|8|3|6
14	293	TGACGTCTTAAGGAA	4	|7|8|3|14
15	545	TGAGGATGTGAGGAC	4	|6|8|5|9
16	146	TGTCGTCGATAGCAC	4	|9|2|3|12
17	144	AGAGGTCGAAACTGC	4	|11|12|13|0
18	264	TGTGGGCGATAGCAC	4	|12|2|9|5
19	52	TGTTGTCCAAAGGTC	4	|2|7|3|13