seq	pos	motif	mutations	mut_pos
X	X	AATGATGACCAGCCG	0	
0	553	AAGGTTGACAAGCTG	4	|13|4|9|2
1	550	AGTGATAACAAACCG	4	|1|9|6|11
2	351	AATGATGCCAGGTCG	4	|9|7|10|12
3	454	ATTGATGTTCATCCG	4	|7|11|8|1
4	233	AGTGCTGACCATACG	4	|4|11|1|12
5	565	ACTCATGTACAGCCG	4	|1|7|3|8
6	471	AATGATGAACAGAGC	4	|13|12|8|14
7	532	ACTGATGACCTTCTG	4	|1|11|10|13
8	183	AGAGATCTCCAGCCG	4	|7|2|1|6
9	49	AATGGCGACCCGCCA	4	|14|10|4|5
10	301	ACTGACGACGAGCCA	4	|1|5|9|14
11	153	AAAGATCACCCGTCG	4	|10|6|2|12
12	242	AAGGGTGCACAGCCG	4	|4|2|8|7
13	143	AATGGTCACAATCCG	4	|6|4|11|9
14	229	AGAGACTACCAGCCG	4	|2|1|6|5
15	245	CACGATGGCGAGCCG	4	|7|0|2|9
16	403	AGTGATGAGCAGCTA	4	|13|1|14|8
17	459	AATGATGAGTTACCG	4	|10|11|8|9
18	329	AGTGAGGACCAACCA	4	|1|14|11|5
19	123	AATGAGGAAAAGCAG	4	|9|5|13|8