seq	pos	motif	mutations	mut_pos
X	X	GGGAAATCGACATGA	0	
0	275	AGGAATTCGCCATTA	4	|9|5|13|0
1	435	CCGAAATCGATATGC	4	|14|0|1|10
2	260	CGGAAGTTGACAAGA	4	|7|0|5|12
3	503	AGGAAGCCCACATGA	4	|6|5|0|8
4	271	GGGAGATCTGAATGA	4	|4|10|9|8
5	263	AGGAAATCAAAATGG	4	|10|0|14|8
6	492	GGAAACGTGACATGA	4	|7|6|2|5
7	266	GGGAAAGCAATAGGA	4	|8|10|6|12
8	449	AGGACCTCGACATCA	4	|5|4|13|0
9	46	GGGAATTTGACTTGG	4	|5|7|11|14
10	93	CGTAAATCGATACGA	4	|12|0|2|10
11	164	GTAGAATTGACATGA	4	|3|7|1|2
12	466	GGGAATTCGGCATTC	4	|13|14|5|9
13	116	GTGAAACCGTCATGT	4	|1|9|14|6
14	302	GGGCCAAGGACATGA	4	|3|4|6|7
15	1	GGGTAATCGATCTGC	4	|10|3|14|11
16	33	GGTAAACCGAGATTA	4	|13|6|2|10
17	271	TGGTAGTCGACATCA	4	|13|3|0|5
18	91	GTGGGATCAACATGA	4	|3|1|8|4
19	489	CTGCAATCGACTTGA	4	|3|0|1|11