seq	pos	motif	mutations	mut_pos
X	X	CGGGGGCGTCGGCAA	0	
0	41	CGAGGGCGTCGGTGG	4	|2|12|13|14
1	421	CTAGGCCGTCGGCAT	4	|14|1|2|5
2	125	TGTGGGCGTCGAGAA	4	|0|2|12|11
3	76	GGTTGGAGTCGGCAA	4	|3|0|2|6
4	105	CGGTCGCGCCCGCAA	4	|8|3|10|4
5	37	CGAGGATCTCGGCAA	4	|2|5|7|6
6	551	TGGGAGAGTCAGCAA	4	|10|0|6|4
7	527	CGGGAGCTCCGGCAT	4	|4|7|8|14
8	542	CGGTGGCGTCTCTAA	4	|3|11|10|12
9	180	CGGGTATGGCGGCAA	4	|6|8|5|4
10	128	CGAGGGCGTCCCCCA	4	|10|13|2|11
11	497	CGGGGCCGTAGGGGA	4	|5|13|12|9
12	48	TGCGGGCGGCGGAAA	4	|8|2|0|12
13	364	CGGGACCGTCGGACA	4	|12|13|4|5
14	222	AGTTGGCGCCGGCAA	4	|3|2|0|8
15	510	CTGGGCCGACGGCCA	4	|1|13|5|8
16	326	CGGGGGCGACTGGAT	4	|12|8|10|14
17	450	CGGGACTGACGGCAA	4	|5|8|6|4
18	17	CCGGGGCTACGTCAA	4	|11|1|8|7
19	25	CTGATGCGTCGGGAA	4	|1|4|12|3