seq	pos	motif	mutations	mut_pos
X	X	TGCAGAGTGAGATCT	0	
0	538	TCAAGAGTTAGAGCT	4	|12|8|1|2
1	152	TGCGTAGTGATATCC	4	|14|4|10|3
2	583	TACACAGCGTGATCT	4	|4|7|1|9
3	219	TTCAGAGTGACTTAT	4	|13|1|11|10
4	285	AAGAGTGTGAGATCT	4	|0|2|1|5
5	77	TGCAGCATGCGATCG	4	|9|14|5|6
6	183	TGCCGAGTGAAGTCG	4	|10|14|11|3
7	535	TGAAAAGTGATATGT	4	|10|13|2|4
8	78	TTCAAACTGAGACCT	4	|12|4|1|6
9	393	TACAAATTGATATCT	4	|10|6|1|4
10	498	ATGAGAGCGAGATCT	4	|7|0|1|2
11	552	TGCATAAAGAAATCT	4	|7|4|10|6
12	323	TTCTGGGTGGGATCT	4	|3|1|9|5
13	339	CTCATAGTGAGACCT	4	|1|4|12|0
14	479	TGCAGAGTGATAGTG	4	|13|10|12|14
15	561	AGATGAGTGACATCT	4	|2|3|10|0
16	42	TGCCGAGAGGGATAT	4	|9|3|13|7
17	24	TGTAGAGAGAGACCG	4	|14|2|7|12
18	318	CGCAGAGTGAATGCT	4	|12|0|10|11
19	558	GGCACTATGAGATCT	4	|5|4|0|6