seq	pos	motif	mutations	mut_pos
X	X	CGCTAAATTATGGCA	0	
0	301	CCATGAATTATGGTA	4	|2|13|1|4
1	571	GGCTAAAGTGTAGCA	4	|9|0|11|7
2	357	CTCTAAACTAAGTCA	4	|1|10|7|12
3	128	CAATAACTTATGGGA	4	|13|1|2|6
4	169	CGCAAAACTCTGGGA	4	|7|3|13|9
5	143	TGCTAAGGTATGGCC	4	|6|7|0|14
6	131	CGCTAGTGTATGACA	4	|7|12|6|5
7	480	CGCTAAAAATTAGCA	4	|9|8|11|7
8	75	TGGTAAATTAGGGGA	4	|10|2|13|0
9	85	CGCAAATAGATGGCA	4	|7|6|3|8
10	550	CGCGAAATAATGACC	4	|8|14|12|3
11	55	CCGTAGATTATAGCA	4	|11|2|5|1
12	22	CGCGCAGTTAAGGCA	4	|4|3|6|10
13	15	CGTTAATCCATGGCA	4	|6|8|2|7
14	448	TGCTAAATTTGGGTA	4	|0|13|10|9
15	25	TTCTCAATTAGGGCA	4	|1|4|10|0
16	113	CGGTAATTGTTGGCA	4	|8|6|2|9
17	293	CGCAATATGATCGCA	4	|11|5|8|3
18	99	CCTTAAATCATGACA	4	|1|12|2|8
19	134	CGCCGAATTATTGGA	4	|11|4|3|13