seq	pos	motif	mutations	mut_pos
X	X	GGATATGATGATGCG	0	
0	82	GGTTAATATTATGCG	4	|5|2|9|6
1	416	GAATATCCTGTTGCG	4	|7|6|10|1
2	34	TCATATAATGATGCT	4	|6|1|14|0
3	525	GGATACGGTAATGCA	4	|14|5|9|7
4	355	GGATAGAATGAAGCT	4	|11|6|5|14
5	267	GGATCTGTAGGTGCG	4	|8|10|7|4
6	37	GGCTAGGATGAGACG	4	|12|2|11|5
7	314	GGAATTGATGAAACG	4	|11|4|12|3
8	166	GGGTATCGTGATGCA	4	|2|7|6|14
9	399	GGTTAGCAGGATGCG	4	|8|2|6|5
10	144	GGATAGGTTCTTGCG	4	|9|5|7|10
11	407	AGTTTTGATGATGCT	4	|14|0|4|2
12	410	AGATATGCTGCTACG	4	|7|10|0|12
13	21	GGATATGGTGTTTCA	4	|12|14|10|7
14	355	TGGTAGGATGATCCG	4	|5|2|12|0
15	126	GAAGATGAGGATGGG	4	|8|3|1|13
16	165	TGCTAGGATGATGCA	4	|0|5|14|2
17	526	GGAAATGCTGAGGGG	4	|11|13|7|3
18	26	GGATATGAACAAGCC	4	|8|9|11|14
19	378	GGATACGAGGAAGGG	4	|5|11|8|13