seq	pos	motif	mutations	mut_pos
X	X	CCCCCTCGGTTCTCA	0	
0	576	CCGCATCGGTTGTAA	4	|2|13|4|11
1	558	CCCCCCCCGTCCTCT	4	|7|14|5|10
2	360	CCCACCCGGATCTGA	4	|3|9|5|13
3	578	CCGCCACTGTTCCCA	4	|5|7|2|12
4	127	ATCCCACGGTTCTCG	4	|1|14|0|5
5	479	CCTCCCCTGGTCTCA	4	|7|9|2|5
6	40	CCCGCTCGGATATGA	4	|13|3|11|9
7	535	CCCCATCGATCCTTA	4	|13|8|4|10
8	441	ACCTCACGGTTCTGA	4	|3|13|0|5
9	438	CCCCCTACTTTCCCA	4	|8|12|6|7
10	584	CCCCCGGGGTTCTTC	4	|14|13|6|5
11	357	CCCCCGCGATACTCT	4	|10|8|14|5
12	258	GCGTCTCGGTTGTCA	4	|11|0|3|2
13	400	CGCCCTCGGACCCCA	4	|10|12|9|1
14	66	CCCACTGGGGACTCA	4	|6|10|9|3
15	571	GGCCCTGGATTCTCA	4	|0|6|8|1
16	490	CCCCCCAGGGTCTCG	4	|9|6|14|5
17	443	CCCCCGGGTTTCGCA	4	|5|12|6|8
18	255	CACCCTCCGATGTCA	4	|1|9|7|11
19	135	CCCCCCCGGTTGGGA	4	|5|13|11|12