seq	pos	motif	mutations	mut_pos
X	X	CAAGTCATGTTTGTT	0	
0	431	AAACCCATGTTTGTC	4	|0|3|14|4
1	311	CAATACAAGTATGTT	4	|10|7|3|4
2	268	CATATCCTGGTTGTT	4	|6|9|2|3
3	264	CGAGTCATCTTTTTA	4	|14|1|8|12
4	39	CACATGAAGTTTGTT	4	|7|5|2|3
5	495	AATGTCATGATTGTC	4	|2|14|0|9
6	395	CAACTCAGCTTTGTG	4	|7|3|8|14
7	324	CAGGACATGGATGTT	4	|10|9|2|4
8	416	TAAGTGATGATTGTC	4	|5|0|14|9
9	166	CAGCTCATTTTAGTT	4	|2|8|11|3
10	142	CGAGTTATCTTTGTA	4	|5|1|14|8
11	31	CAAGGGATGTGTATT	4	|5|12|10|4
12	189	CCGGTCATGGTTCTT	4	|1|9|2|12
13	582	GATGTCTAGTTTGTT	4	|7|2|0|6
14	563	TAAGCTATCTTTGTT	4	|8|4|5|0
15	482	CGAGCCGAGTTTGTT	4	|6|1|4|7
16	88	GCGGTCATGATTGTT	4	|1|9|2|0
17	411	CAAGTTATTTTTGCC	4	|13|14|5|8
18	459	CAAAGTAGGTTTGTT	4	|7|5|4|3
19	293	CAAATCCTGGTTCTT	4	|12|6|9|3