seq	pos	motif	mutations	mut_pos
X	X	CTTACGAGAAATATA	0	
0	244	CTATCCAGAATTATA	4	|10|2|5|3
1	324	GTTACGCGAAATACG	4	|0|14|13|6
2	220	CTTACTAAGAATGTA	4	|8|5|7|12
3	478	CTTATGCCAAATGTA	4	|7|6|4|12
4	141	CTTTCAAGATATATT	4	|9|14|5|3
5	135	TTTGCGAGAAATCAA	4	|13|12|3|0
6	451	CTTACGAAAACTTTC	4	|10|7|12|14
7	94	CTTACTAAACGTATA	4	|9|7|5|10
8	268	ATTACGAGTACTACA	4	|10|13|0|8
9	103	CTTTCTATAAATAAA	4	|5|7|13|3
10	71	CCTATGAGAAAGACA	4	|11|13|1|4
11	266	CTTAAGAGGAAACTA	4	|4|12|8|11
12	461	CGTCCTAGAACTATA	4	|1|5|3|10
13	264	CTTATCAGAACGATA	4	|5|4|10|11
14	207	CTTCCGAGTACTATT	4	|3|8|10|14
15	299	ATTCCGAGAAGGATA	4	|11|0|3|10
16	377	CTTGCGATAAACTTA	4	|11|3|7|12
17	472	CTTATAAGGAACATA	4	|4|8|5|11
18	173	CTAACAATAAATTTA	4	|7|5|12|2
19	512	CTTACGATTAATAGC	4	|13|7|14|8