seq	pos	motif	mutations	mut_pos
X	X	TGCACGGTCCTCGTC	0	
0	122	TGCGCGGCCCTCGAG	4	|14|3|13|7
1	529	TTTACGGTCCGAGTC	4	|11|1|10|2
2	336	TGCATGTTCCTGTTC	4	|4|11|6|12
3	421	TGCACCGTACTGGAC	4	|8|11|13|5
4	56	TGCCCGGGTGTCGTC	4	|8|3|7|9
5	177	TGAATGGTACTCGTA	4	|4|14|8|2
6	404	TGCACCGTCGCCATC	4	|10|12|9|5
7	412	TGTAAGCTCCACGTC	4	|6|10|2|4
8	420	TACACTGCCCTGGTC	4	|1|11|7|5
9	415	GTCACGGACTTCGTC	4	|9|1|0|7
10	382	CGCTCGGTCCTCGCG	4	|0|13|3|14
11	104	TACACGTTCCGCATC	4	|6|12|10|1
12	217	TGCACGGCCTATGTC	4	|11|10|7|9
13	489	TGGACCGTCCTCCTA	4	|2|5|14|12
14	334	TTCATGGGACTCGTC	4	|7|8|1|4
15	325	AGCACGGAGCCCGTC	4	|7|8|10|0
16	421	TGCCCGCTACTTGTC	4	|8|3|11|6
17	7	TGCTCACTGCTCGTC	4	|3|5|6|8
18	503	TACACAGTCCTATTC	4	|11|12|5|1
19	175	TGCATGGTAATCGTA	4	|4|9|8|14