seq	pos	motif	mutations	mut_pos
X	X	CGTGTGCTTGAAGCT	0	
0	260	CGTGTCGTAGACGCT	4	|6|8|5|11
1	387	CATGTTCTTCTAGCT	4	|1|5|10|9
2	272	CGTTCGTTTGACGCT	4	|3|6|11|4
3	133	CATGAGGTTGAAGAT	4	|4|6|13|1
4	239	CGTGTCCTTTAGTCT	4	|5|9|11|12
5	233	TCTGTGAGTGAAGCT	4	|0|6|7|1
6	24	CATGTTCTTGCAGGT	4	|5|13|1|10
7	267	CGTGTGATTGAGATT	4	|6|12|11|13
8	358	CCTGCTTTTGAAGCT	4	|1|6|5|4
9	158	CCTCTGCTTGAACAT	4	|13|12|3|1
10	553	CGTGCACTCGGAGCT	4	|5|8|4|10
11	213	AGTGACCTTAAAGCT	4	|5|0|9|4
12	554	CGTTTAGTTGAAGAT	4	|5|6|3|13
13	2	CGTGAGAATGACGCT	4	|11|6|4|7
14	512	CGAGTGCGAGAAGTT	4	|7|13|8|2
15	369	CTTGTGCCTGAAATT	4	|12|13|1|7
16	82	CACGTCGTTGAAGCT	4	|5|1|6|2
17	202	CGTCTGCATGATGCA	4	|7|3|11|14
18	222	CGTGGGCTTGACTGT	4	|11|4|12|13
19	210	TGTGTACTTGAATCC	4	|12|14|5|0