seq	pos	motif	mutations	mut_pos
X	X	GGGTGCGTCTTAAGA	0	
0	97	GGTTGCTTCATAAGC	4	|6|9|2|14
1	10	GCGTCCGCCTTAAGT	4	|14|7|4|1
2	554	GGGATCGTTTTTAGA	4	|4|8|11|3
3	458	GGGTTCGTTTTTGGA	4	|8|11|4|12
4	187	GGGTGCATGTCAATA	4	|10|6|13|8
5	180	GGCTGAGTATTAGGA	4	|5|2|8|12
6	187	GGGTTCGACTTTAGT	4	|11|7|14|4
7	390	GGGAGTATCCTAAGA	4	|5|6|3|9
8	19	GGGGGTGTCTTGAGC	4	|3|14|11|5
9	465	GGGGTCGTATTAAGG	4	|4|8|3|14
10	189	GGGTGCGTGCTACAA	4	|13|12|9|8
11	266	TAGTGAGTCTGAAGA	4	|0|5|10|1
12	37	GGGCGACTCTGAAGA	4	|6|10|5|3
13	78	AGGTATGTCTTACGA	4	|0|4|12|5
14	398	GGGTCTCTCGTAAGA	4	|4|5|9|6
15	245	GGTTGTGTCTTCAGC	4	|5|2|14|11
16	201	GGGTCAGCCTTGAGA	4	|7|4|5|11
17	451	GGGTGTGTTTTCGGA	4	|5|12|8|11
18	489	GTCTGCGTCTAAAGG	4	|10|2|1|14
19	521	GGCTACGCCTTAAGC	4	|7|4|14|2