seq	pos	motif	mutations	mut_pos
X	X	TCTGCTCATCAACGG	0	
0	565	ACTGATCATCAAGCG	4	|12|0|4|13
1	570	TATGGTCAGGAACGG	4	|1|4|8|9
2	141	TTTGCTCCTTAAGGG	4	|9|1|12|7
3	521	TCCGCTCACCAACTC	4	|13|2|14|8
4	390	TCTGCCTATGACCGG	4	|6|5|9|11
5	177	CCTACTCAGGAACGG	4	|9|0|8|3
6	470	TTGGCTCATAATCGG	4	|1|9|2|11
7	565	TCAGACCATGAACGG	4	|5|2|4|9
8	325	GACGCTTATCAACGG	4	|0|2|6|1
9	79	ACTGCCCATCCACGT	4	|14|0|10|5
10	154	TCTGCCCATATAGGG	4	|10|12|9|5
11	238	TCTGTACCGCAACGG	4	|4|5|7|8
12	417	TCTTCTCACGAACGC	4	|9|3|8|14
13	182	TATTCTGATCTACGG	4	|3|10|6|1
14	554	TCCGCGCAGCACCGG	4	|11|8|5|2
15	574	GCTGCTCATTTAAGG	4	|10|12|0|9
16	554	CCTGCTCATAAACAC	4	|0|9|13|14
17	210	TATGCTGATAAATGG	4	|1|6|9|12
18	288	CCTTCTCATCGATGG	4	|12|10|3|0
19	210	TCTTCACATTCACGG	4	|3|10|5|9