seq	pos	motif	mutations	mut_pos
X	X	CCACATCATAACTCG	0	
0	466	CGACCTCAAAACTCT	4	|1|4|14|8
1	460	CCTCATCTTACCACG	4	|2|10|12|7
2	118	CGACCTCATAATTCC	4	|4|1|14|11
3	4	ACACATCCTGACTTG	4	|9|13|0|7
4	381	TTAAAACATAACTCG	4	|5|0|3|1
5	447	CCTCATCATATGTCC	4	|10|2|11|14
6	522	CTACATGACAACTAG	4	|13|8|1|6
7	289	GCATATCATAAAACG	4	|12|11|3|0
8	548	GCACATCCTCTCTCG	4	|7|10|9|0
9	258	CCACACCAAAAGTGG	4	|11|5|13|8
10	549	CCACGACTTAACTGG	4	|5|4|7|13
11	220	CCACAGGACAACTGG	4	|6|13|8|5
12	81	CCACTTAATAATTCC	4	|6|11|4|14
13	489	CCCCGTCATCACTCT	4	|14|2|9|4
14	180	CCAGATCATGATTGG	4	|13|3|9|11
15	29	CCACATTACCACTAG	4	|13|9|6|8
16	84	TCACAGCAGAACTTG	4	|5|0|8|13
17	139	CCACGTGAAAACCCG	4	|4|12|8|6
18	107	CCATATAATTAATCG	4	|9|3|6|11
19	550	CCAGTCTATAACTCG	4	|6|4|5|3