seq	pos	motif	mutations	mut_pos
X	X	AGAACCGCCCTTAAT	0	
0	297	GGGACCGCCCTTACG	4	|13|0|2|14
1	185	AGGAGCTCCCTTACT	4	|2|4|13|6
2	67	AGAACCTATCTTACT	4	|7|6|13|8
3	131	AGGTTCGTCCTTAAT	4	|3|2|7|4
4	16	TGCACCGCCCTTTCT	4	|0|2|12|13
5	579	AGAAGCGCCAAAAAT	4	|9|10|4|11
6	16	AGTACCGCACTAACT	4	|13|8|11|2
7	326	TGAACAGACCGTAAT	4	|7|0|5|10
8	547	GGAACCGAACTTATT	4	|0|13|8|7
9	42	AGTACTGAGCTTAAT	4	|5|7|2|8
10	308	ATGACCGCCCTTAGC	4	|2|1|14|13
11	57	AGAACCGTCCTCGTT	4	|13|11|12|7
12	354	AGAAACACCCCTCAT	4	|10|4|12|6
13	114	CGAACCGCCCGCAAC	4	|11|10|14|0
14	285	AGAAGCGACCTCAAC	4	|7|11|14|4
15	342	AGAAACCCCATTCAT	4	|9|6|4|12
16	79	GGTACCCCCCTTAAC	4	|2|0|6|14
17	399	AGCAGCAACCTTAAT	4	|6|2|7|4
18	147	ATAACTGACCATAAT	4	|7|10|5|1
19	158	AGTACCGCCCCACAT	4	|11|10|12|2