seq	pos	motif	mutations	mut_pos
X	X	TAGCTGTCATTCTAA	0	
0	206	TAGCGCCCACTCTAA	4	|5|6|9|4
1	73	GAGCCGGCATTCTAT	4	|14|0|6|4
2	83	TCGCGGTCATTCCGA	4	|13|12|1|4
3	15	TATCTGTCTTTGTTA	4	|11|13|8|2
4	68	TATCTCACTTTCTAA	4	|2|6|5|8
5	380	TATGTGTGATTCGAA	4	|12|2|3|7
6	238	AACCCGGCATTCTAA	4	|0|4|6|2
7	348	TAGGAGACATACTAA	4	|6|3|10|4
8	66	CACCCGTCATTCTCA	4	|4|2|13|0
9	64	AATCGGTCATCCTAA	4	|2|10|0|4
10	133	TTGCTTTCAGTTTAA	4	|11|5|9|1
11	295	TAGCGGTCATCCAAT	4	|10|4|14|12
12	424	TAGCTGGATTTCGAA	4	|7|8|12|6
13	187	TAACAGCCATACTAA	4	|6|2|4|10
14	512	TAGCAATCCTGCTAA	4	|10|5|8|4
15	310	GTGGTGTTATTCTAA	4	|3|7|0|1
16	195	TATCAGTCATGCTGA	4	|2|4|10|13
17	66	TAGCAGTCCTTCCAC	4	|14|8|4|12
18	207	TCGTTGTCACGCTAA	4	|3|1|10|9
19	16	TAGGGGTCACTCTGA	4	|13|3|9|4