seq	pos	motif	mutations	mut_pos
X	X	AGGTCTAATTCGCCT	0	
0	242	AGGTCTAGTTCCCAA	4	|7|13|14|11
1	338	ACATATAATTCGGCT	4	|12|2|1|4
2	502	AGCTGTAATTCTCAT	4	|2|11|4|13
3	132	GGCTTTCATTCGCCT	4	|0|6|2|4
4	13	ACGTCGAATGCGGCT	4	|5|1|9|12
5	207	ATGTCTACTTAGCTT	4	|10|13|7|1
6	79	ACGATTAATTCGTCT	4	|1|12|3|4
7	527	AGGTAGTATTCTCCT	4	|11|4|5|6
8	310	GTGACTAGTTCGCCT	4	|0|3|7|1
9	29	GCGTCTAATTTGCCC	4	|1|14|10|0
10	238	AGGTATAACGCGACT	4	|12|9|8|4
11	491	AGGCTTAATATGCCT	4	|3|9|10|4
12	61	AAGTCTAAGTTGCCA	4	|10|14|1|8
13	424	GGGTCTTAATGGCCT	4	|10|6|0|8
14	113	AGTACTGATTCGACT	4	|6|2|3|12
15	394	ATGTGTAAATTGCCT	4	|4|10|1|8
16	26	CGCTCTGATTAGCCT	4	|0|10|6|2
17	199	GGGGCTGAGTCGCCT	4	|3|8|0|6
18	526	TGGTCGTATCCGCCT	4	|6|9|0|5
19	505	CGGTCTATTGTGCCT	4	|10|7|9|0