seq	pos	motif	mutations	mut_pos
X	X	TCTAGGCACAGCGAT	0	
0	431	TCTAGGCGATGCCAT	4	|9|12|8|7
1	333	ACTAGGCGCAGCGTA	4	|13|0|14|7
2	434	TTTAAGCACGCCGAT	4	|10|4|9|1
3	556	TCTAGGCATACTAAT	4	|10|11|12|8
4	573	GCAAGCCACTGCGAT	4	|9|5|0|2
5	467	TATGGGCACAGGGGT	4	|1|11|3|13
6	164	TCTAAGTACAGTAAT	4	|11|6|12|4
7	204	TACAGACAGAGCGAT	4	|1|8|2|5
8	390	TTTAGGCGCGGCGTT	4	|7|9|1|13
9	287	TTTAGGCCCATCGAA	4	|1|7|14|10
10	122	TTTGGGCGCAGCGCT	4	|1|13|7|3
11	4	TTTAGGCTTAGAGAT	4	|7|1|8|11
12	568	ACTAGGCACAGCTTC	4	|0|12|13|14
13	283	TCTGTTCGCAGCGAT	4	|3|7|5|4
14	400	TCTGCGCACGGCGTT	4	|9|3|13|4
15	214	TCAAAGCTCAGCAAT	4	|12|7|2|4
16	91	TCTAGATAGATCGAT	4	|8|6|5|10
17	200	GCCAGGCAGATCGAT	4	|0|8|10|2
18	465	CCTTGGCACAGGGAC	4	|14|11|0|3
19	345	GCTTGGCAGAGTGAT	4	|3|8|11|0