seq	pos	motif	mutations	mut_pos
X	X	TAAAGATAAGGATTT	0	
0	65	TATATATTAGGATCT	4	|13|4|2|7
1	54	TGAAGATGACGATGT	4	|7|13|9|1
2	129	AGAAGATAACGATTC	4	|14|0|9|1
3	79	TACAGCTAACGAGTT	4	|12|2|9|5
4	101	TAATCATTAGGATGT	4	|7|4|3|13
5	435	GAAATATAATGATGT	4	|0|13|4|9
6	298	TGGGGGTAAGGATTT	4	|2|1|3|5
7	376	TAAACAAAAGGCTGT	4	|13|11|4|6
8	418	TAAATGTGACGATTT	4	|9|7|5|4
9	481	TAATAATAAGGCTAT	4	|3|4|13|11
10	85	TGACGACACGGATTT	4	|1|3|8|6
11	563	AGAAGGTAAGGGTTT	4	|0|1|11|5
12	418	ATAAGATGAGGTTTT	4	|0|11|7|1
13	388	TAAATATAAGTGATT	4	|10|12|11|4
14	584	TGAAGGTAGTGATTT	4	|9|8|1|5
15	518	GTAAGATAAGGATCA	4	|0|13|1|14
16	121	TAACAATAACTATTT	4	|4|3|9|10
17	180	TACACATTAGGATAT	4	|4|2|7|13
18	70	TACATAGATGGATTT	4	|8|6|4|2
19	322	CATAGATAAGCATTC	4	|14|0|2|10