seq	pos	motif	mutations	mut_pos
X	X	AGACCACAA	0	
0	484	AGCCCTCAA	2	|5|2
1	353	AGAACACAG	2	|3|8
2	487	ATACCACAC	2	|8|1
3	330	AGGGCACAA	2	|3|2
4	489	AGCCCAAAA	2	|6|2
5	365	ATGCCACAA	2	|1|2
6	412	AGCCCACGA	2	|2|7
7	155	AGATCAAAA	2	|3|6
8	63	AGACTACAT	2	|4|8
9	509	AGACTCCAA	2	|4|5
10	397	AGGCCACTA	2	|7|2
11	155	TGACCACAC	2	|0|8
12	161	AGACCAAAT	2	|6|8
13	44	ACACCACAG	2	|1|8
14	151	CGACCAAAA	2	|6|0
15	346	TGAGCACAA	2	|0|3
16	22	AGACTACAT	2	|8|4
17	463	AGACCAATA	2	|6|7
18	106	AGACCATAT	2	|8|6
19	441	AGACTGCAA	2	|5|4