seq	pos	motif	mutations	mut_pos
X	X	TAGCTATGA	0	
0	526	TCCCTATGA	2	|1|2
1	564	TGGGTATGA	2	|3|1
2	462	TAACTATCA	2	|2|7
3	465	TAGATATGT	2	|8|3
4	538	TAGCTAAGG	2	|8|6
5	326	TAGCTTGGA	2	|6|5
6	461	TAGCTATTG	2	|7|8
7	114	CAGCGATGA	2	|0|4
8	112	TTGCTATGG	2	|8|1
9	261	TCGCTATTA	2	|1|7
10	174	TGGCTATAA	2	|7|1
11	250	CCGCTATGA	2	|0|1
12	476	AAGCTTTGA	2	|0|5
13	524	TTGCTATTA	2	|1|7
14	476	TAGTTTTGA	2	|3|5
15	230	TATCTATGT	2	|2|8
16	54	TCGCTAAGA	2	|6|1
17	282	TTGCTATGT	2	|1|8
18	208	TAGCCATGT	2	|8|4
19	496	TAGCTCTGG	2	|5|8