seq	pos	motif	mutations	mut_pos
X	X	ACCCTACCT	0	
0	32	CACCTACCT	2	|0|1
1	574	ACCCGATCT	2	|6|4
2	572	GCTCTACCT	2	|0|2
3	455	ACCCTAGGT	2	|7|6
4	109	ACCCTATTT	2	|6|7
5	216	ACGGTACCT	2	|2|3
6	542	TCCCAACCT	2	|4|0
7	410	ACCTTTCCT	2	|3|5
8	575	GACCTACCT	2	|1|0
9	352	ACCATACCA	2	|3|8
10	423	ATCCTACTT	2	|1|7
11	420	ACCATGCCT	2	|3|5
12	533	AGCCTACGT	2	|1|7
13	14	GCCCTACAT	2	|0|7
14	403	ACACTATCT	2	|2|6
15	589	GCGCTACCT	2	|2|0
16	131	AACCTATCT	2	|1|6
17	374	ACCCATCCT	2	|4|5
18	260	ACCCAACAT	2	|7|4
19	68	ACCCGCCCT	2	|5|4