seq	pos	motif	mutations	mut_pos
X	X	CGTGCCTTT	0	
0	176	CGTGCCAGT	2	|6|7
1	103	TGTCCCTTT	2	|3|0
2	9	TGTGCCTTG	2	|8|0
3	37	CGAGTCTTT	2	|2|4
4	240	CGGGCCATT	2	|6|2
5	365	CGAGACTTT	2	|4|2
6	218	CGAGCCTTA	2	|8|2
7	93	CGCGGCTTT	2	|4|2
8	421	AGTGGCTTT	2	|0|4
9	412	GGTGCCTTA	2	|0|8
10	277	CGGGCCTCT	2	|7|2
11	442	CTTGCATTT	2	|1|5
12	279	CGTGGCATT	2	|4|6
13	445	TGGGCCTTT	2	|0|2
14	85	CGTCCCTGT	2	|7|3
15	393	CGTCCCTGT	2	|7|3
16	300	CGTGACTTA	2	|8|4
17	545	CGTGAATTT	2	|4|5
18	93	TGTGCCATT	2	|6|0
19	341	CGTACGTTT	2	|5|3