seq	pos	motif	mutations	mut_pos
X	X	CCTAAATCC	0	
0	282	CCTAAATAG	2	|7|8
1	119	CCTGAAGCC	2	|6|3
2	339	CCTCAATCA	2	|3|8
3	250	CCTCAACCC	2	|3|6
4	247	CCTCAATAC	2	|3|7
5	97	CCTAACCCC	2	|6|5
6	555	CCTGAATCA	2	|3|8
7	466	CCTACATCG	2	|4|8
8	546	CCCAAATCA	2	|2|8
9	128	CCTCAACCC	2	|6|3
10	244	GCTAAGTCC	2	|5|0
11	153	CCCAAGTCC	2	|5|2
12	45	CCTATATCA	2	|4|8
13	302	AGTAAATCC	2	|1|0
14	226	CCTCAACCC	2	|6|3
15	4	CCTAGTTCC	2	|4|5
16	338	TCTAAATGC	2	|0|7
17	498	CCTAACGCC	2	|5|6
18	558	ATTAAATCC	2	|0|1
19	213	CCGAAATGC	2	|2|7