seq	pos	motif	mutations	mut_pos
X	X	GGTCGAGGA	0	
0	429	GATCGTGGA	2	|5|1
1	264	TGTCGAGGT	2	|0|8
2	326	GGTCGGGGG	2	|5|8
3	145	GCTCGAGAA	2	|1|7
4	559	GGTAGGGGA	2	|3|5
5	177	CGGCGAGGA	2	|0|2
6	262	GATCGAGCA	2	|7|1
7	435	GGTCGGGCA	2	|5|7
8	189	GGCCGACGA	2	|6|2
9	393	GCTCGGGGA	2	|1|5
10	62	CGTCGAGGG	2	|8|0
11	282	GGGGGAGGA	2	|3|2
12	361	GGTCGAATA	2	|7|6
13	574	GGTAGACGA	2	|3|6
14	584	GTTCGAGGC	2	|8|1
15	495	TGTCGCGGA	2	|0|5
16	140	GGTTGAAGA	2	|6|3
17	507	CGTCGATGA	2	|0|6
18	40	GGTCTCGGA	2	|4|5
19	63	GCTCCAGGA	2	|4|1