seq	pos	motif	mutations	mut_pos
X	X	TCAATGGGT	0	
0	584	TGAATGGGG	2	|8|1
1	481	TCTAGGGGT	2	|2|4
2	118	TGAACGGGT	2	|1|4
3	344	GCGATGGGT	2	|0|2
4	99	TCAATTGGC	2	|5|8
5	182	TCGATGGGG	2	|2|8
6	322	TCAATTGGA	2	|8|5
7	135	TCAATCTGT	2	|5|6
8	123	TCACGGGGT	2	|4|3
9	114	TCAAAGGGA	2	|4|8
10	46	TCCATGGGA	2	|8|2
11	282	TGTATGGGT	2	|1|2
12	193	GCGATGGGT	2	|2|0
13	324	TCTATGGGG	2	|8|2
14	312	TCAAAAGGT	2	|5|4
15	363	TGAATAGGT	2	|1|5
16	424	TCATTAGGT	2	|5|3
17	359	TCATTCGGT	2	|3|5
18	285	TCAATAGGG	2	|8|5
19	142	ATAATGGGT	2	|0|1