seq	pos	motif	mutations	mut_pos
X	X	CATTACTAG	0	
0	233	CAGTAATAG	2	|2|5
1	240	CGTTACCAG	2	|1|6
2	484	CATTATTGG	2	|5|7
3	19	CATTACGGG	2	|7|6
4	84	CATAACTAT	2	|8|3
5	163	CACTTCTAG	2	|2|4
6	532	CGTTTCTAG	2	|1|4
7	306	CATAACGAG	2	|3|6
8	558	CATAACTAC	2	|8|3
9	551	TTTTACTAG	2	|1|0
10	94	CGTAACTAG	2	|3|1
11	238	CTTTACAAG	2	|1|6
12	153	AAATACTAG	2	|2|0
13	54	CCTCACTAG	2	|1|3
14	367	TATTACTAT	2	|8|0
15	150	CATTACGCG	2	|7|6
16	160	CATTGATAG	2	|5|4
17	187	CATTGCTGG	2	|7|4
18	410	CACTACGAG	2	|6|2
19	429	GATTACTGG	2	|0|7