seq	pos	motif	mutations	mut_pos
X	X	TTGTATGCG	0	
0	451	TTGTATTCC	2	|6|8
1	517	ATATATGCG	2	|0|2
2	579	GTGTATGAG	2	|0|7
3	9	GTGTGTGCG	2	|4|0
4	550	TAGTATGGG	2	|1|7
5	457	TCGTGTGCG	2	|4|1
6	450	TGGTATACG	2	|1|6
7	583	TTGGATTCG	2	|3|6
8	2	TTGCATGCA	2	|8|3
9	160	TTGTAGGCA	2	|5|8
10	83	TTGTATTCA	2	|8|6
11	567	TAGTGTGCG	2	|1|4
12	457	TTATATGGG	2	|7|2
13	141	TTGTAAGCT	2	|8|5
14	186	TTGGATTCG	2	|6|3
15	212	TTGTTTGCT	2	|4|8
16	162	TTGTATGAC	2	|8|7
17	58	TTGTGTCCG	2	|4|6
18	5	TTATAGGCG	2	|2|5
19	142	TTTTATGCT	2	|2|8