seq	pos	motif	mutations	mut_pos
X	X	GGATTGCTT	0	
0	102	ACATTGCTT	2	|0|1
1	303	GGCGTGCTT	2	|3|2
2	112	GGATTCATT	2	|6|5
3	252	GGACTACTT	2	|3|5
4	14	GGATCGCAT	2	|4|7
5	229	GGATACCTT	2	|4|5
6	451	GCACTGCTT	2	|1|3
7	407	TCATTGCTT	2	|1|0
8	441	GGGTAGCTT	2	|2|4
9	223	GGATGGTTT	2	|6|4
10	147	GGAATGCTC	2	|3|8
11	263	GGATGACTT	2	|4|5
12	254	GGGTTGTTT	2	|6|2
13	212	CGATTGATT	2	|6|0
14	64	CGATTGTTT	2	|6|0
15	333	GGGTTGATT	2	|6|2
16	321	GGATTGCCC	2	|7|8
17	501	GGACTGGTT	2	|6|3
18	63	GGTTTGCTA	2	|2|8
19	233	GGAACGCTT	2	|3|4