seq	pos	motif	mutations	mut_pos
X	X	GTTCATAAA	0	
0	425	ATTCATATA	2	|7|0
1	161	GTTCCTTAA	2	|4|6
2	141	CTTTATAAA	2	|0|3
3	217	GTTCCTAAT	2	|8|4
4	337	GTTAATTAA	2	|6|3
5	189	GTGCATACA	2	|7|2
6	434	GTTCAGGAA	2	|5|6
7	239	CTCCATAAA	2	|0|2
8	163	GTGCCTAAA	2	|2|4
9	45	GTTCGAAAA	2	|5|4
10	191	ATTTATAAA	2	|0|3
11	156	GGTCATACA	2	|7|1
12	282	AGTCATAAA	2	|0|1
13	136	GTTAATGAA	2	|6|3
14	43	GTTCACAAC	2	|8|5
15	258	GTTCCTGAA	2	|6|4
16	286	GGTCATATA	2	|7|1
17	117	ATTTATAAA	2	|3|0
18	300	ATTCATACA	2	|7|0
19	61	GTTCACATA	2	|5|7