seq	pos	motif	mutations	mut_pos
X	X	GCAATTTGT	0	
0	528	GCGATTGGT	2	|2|6
1	572	GCAAGTTGG	2	|4|8
2	448	GCAATGTGG	2	|5|8
3	480	GTAATCTGT	2	|5|1
4	487	GCTATTTAT	2	|2|7
5	113	ACGATTTGT	2	|2|0
6	491	GCGCTTTGT	2	|3|2
7	264	GCTATTTGG	2	|2|8
8	163	GCAAGTTGA	2	|8|4
9	307	GCAGCTTGT	2	|3|4
10	529	GCAAGCTGT	2	|5|4
11	481	GCAACTTAT	2	|4|7
12	188	GCCATGTGT	2	|2|5
13	331	ACAATTTAT	2	|0|7
14	238	GGAATCTGT	2	|5|1
15	319	TTAATTTGT	2	|0|1
16	534	GCACATTGT	2	|3|4
17	116	GCAATTACT	2	|6|7
18	92	GCACTATGT	2	|3|5
19	468	TCAAGTTGT	2	|4|0