seq	pos	motif	mutations	mut_pos
X	X	CAACCCCGA	0	
0	370	CCCCCCCGA	2	|2|1
1	203	CAACCCGTA	2	|6|7
2	168	CAACCCTTA	2	|7|6
3	107	TATCCCCGA	2	|2|0
4	186	CCACCTCGA	2	|5|1
5	394	CAAACCCTA	2	|7|3
6	305	CAGCCTCGA	2	|5|2
7	575	TAAACCCGA	2	|3|0
8	559	CAACTCTGA	2	|4|6
9	261	AAACGCCGA	2	|0|4
10	272	CAAACCGGA	2	|6|3
11	124	CATTCCCGA	2	|2|3
12	64	CAACTCCTA	2	|7|4
13	114	GAGCCCCGA	2	|0|2
14	530	CAACCCCTG	2	|8|7
15	276	GAAGCCCGA	2	|0|3
16	38	CAAGCCGGA	2	|3|6
17	251	CAACCCCCC	2	|7|8
18	264	CTACCCGGA	2	|1|6
19	578	CCAGCCCGA	2	|1|3