seq	pos	motif	mutations	mut_pos
X	X	TGTACCTGC	0	
0	67	TGTGCCTCC	2	|3|7
1	524	TGTTCCTGT	2	|8|3
2	394	AGTTCCTGC	2	|3|0
3	142	TTTACGTGC	2	|5|1
4	566	TGTAGATGC	2	|5|4
5	231	TCTACGTGC	2	|5|1
6	360	AGTACTTGC	2	|0|5
7	188	GTTACCTGC	2	|1|0
8	549	TGTACCTTG	2	|8|7
9	238	TGGACCTCC	2	|7|2
10	296	AGTACCTAC	2	|0|7
11	57	TTTAACTGC	2	|4|1
12	325	TGCACCTGT	2	|8|2
13	330	TGTGCCAGC	2	|6|3
14	216	TGAACCTGA	2	|8|2
15	378	TGTACGTGA	2	|8|5
16	358	TGTACTTTC	2	|7|5
17	259	TATAACTGC	2	|4|1
18	198	TGTTCCTGT	2	|8|3
19	538	TGTACATGT	2	|8|5