seq	pos	motif	mutations	mut_pos
X	X	TGACCGCCA	0	
0	209	TGACAGGCA	2	|6|4
1	585	TGGCCGGCA	2	|6|2
2	419	TGCCCGTCA	2	|6|2
3	323	TAATCGCCA	2	|1|3
4	220	TGATCACCA	2	|3|5
5	291	TGACCGTCG	2	|8|6
6	160	TGACCTCAA	2	|5|7
7	407	TGACCGGCC	2	|8|6
8	284	TGTCCTCCA	2	|5|2
9	409	GTACCGCCA	2	|1|0
10	196	TAATCGCCA	2	|3|1
11	33	TGACATCCA	2	|4|5
12	135	TGATGGCCA	2	|3|4
13	44	AGACCACCA	2	|5|0
14	123	TGAACGACA	2	|6|3
15	30	AGCCCGCCA	2	|0|2
16	126	AGACCGCCG	2	|0|8
17	567	TGGACGCCA	2	|3|2
18	136	TGATCGCCC	2	|3|8
19	98	TGAGTGCCA	2	|3|4