seq	pos	motif	mutations	mut_pos
X	X	GACATTATC	0	
0	568	GGCAATATC	2	|4|1
1	556	GACATGATG	2	|5|8
2	555	GACATGATG	2	|5|8
3	83	GAAATTATT	2	|8|2
4	483	GACGTCATC	2	|3|5
5	432	GCTATTATC	2	|2|1
6	17	GACCTTGTC	2	|6|3
7	323	GACAATATG	2	|8|4
8	13	GGCATTATG	2	|8|1
9	210	AAAATTATC	2	|0|2
10	537	AACATTAGC	2	|0|7
11	288	GTGATTATC	2	|1|2
12	357	GGCATTATA	2	|8|1
13	568	GATATTCTC	2	|2|6
14	448	GACGTAATC	2	|3|5
15	154	TACATGATC	2	|5|0
16	156	GAGATGATC	2	|5|2
17	120	TACGTTATC	2	|3|0
18	267	GGGATTATC	2	|1|2
19	305	GACTTTGTC	2	|6|3