seq	pos	motif	mutations	mut_pos
X	X	CAGGTAATT	0	
0	516	CCGGTAAGT	2	|1|7
1	296	GAGGTACTT	2	|6|0
2	178	CAGGCAAGT	2	|7|4
3	114	CAGGTACTA	2	|6|8
4	268	CGGGCAATT	2	|4|1
5	585	CCGGTAAGT	2	|1|7
6	581	TAGGTGATT	2	|0|5
7	183	GAGGTATTT	2	|6|0
8	8	CGGGTAAGT	2	|7|1
9	490	GAGGTTATT	2	|5|0
10	277	CAGCAAATT	2	|3|4
11	298	CAGGGAATG	2	|4|8
12	550	CAGCTACTT	2	|6|3
13	215	CCGGTAATC	2	|8|1
14	9	CGGGTAACT	2	|1|7
15	433	CAGGAAAGT	2	|7|4
16	195	GATGTAATT	2	|2|0
17	330	TCGGTAATT	2	|0|1
18	271	TAGGTAATC	2	|8|0
19	400	CAGGTACTA	2	|6|8