seq	pos	motif	mutations	mut_pos
X	X	GTAGGGGCC	0	
0	591	GGAGGTGCC	2	|5|1
1	264	GTGGGAGCC	2	|5|2
2	139	GTGGGGCCC	2	|2|6
3	545	GGTGGGGCC	2	|1|2
4	586	GTAGGGCCT	2	|6|8
5	206	GTCTGGGCC	2	|3|2
6	567	GTGGGGGCT	2	|2|8
7	20	GTTGGGGCG	2	|8|2
8	56	TTAGGGGGC	2	|7|0
9	20	GCGGGGGCC	2	|2|1
10	498	GTATGTGCC	2	|5|3
11	204	GTAGGGCAC	2	|7|6
12	194	GTAGGATCC	2	|6|5
13	501	CTAGGGGCG	2	|0|8
14	93	GTAAGGGCG	2	|8|3
15	370	GTAGCTGCC	2	|4|5
16	287	ATATGGGCC	2	|0|3
17	510	GTGGGGGCA	2	|8|2
18	131	GTACTGGCC	2	|4|3
19	5	GTCAGGGCC	2	|3|2