seq	pos	motif	mutations	mut_pos
X	X	CTGGATTTA	0	
0	230	CCGGATTTT	2	|1|8
1	82	CTGGTTGTA	2	|4|6
2	491	CTTGCTTTA	2	|2|4
3	7	TTGGATTGA	2	|0|7
4	395	CGGGATTTG	2	|1|8
5	149	CAGGATATA	2	|1|6
6	536	CTAGATTGA	2	|2|7
7	557	CTTGGTTTA	2	|2|4
8	407	TTGGTTTTA	2	|0|4
9	571	CTGGACTAA	2	|7|5
10	417	CTAGAATTA	2	|5|2
11	491	CCGGATTAA	2	|1|7
12	306	CTGGAGTTT	2	|5|8
13	437	CTGGAATTT	2	|8|5
14	310	CTGGACATA	2	|5|6
15	434	ACGGATTTA	2	|0|1
16	171	CTTAATTTA	2	|3|2
17	591	CTGGATTAC	2	|7|8
18	219	CTGTATATA	2	|3|6
19	582	TTTGATTTA	2	|0|2