seq	pos	motif	mutations	mut_pos
X	X	GCCAAGAAG	0	
0	31	GCTACGAAG	2	|2|4
1	503	GCCGAGAAA	2	|8|3
2	12	GCCTAGATG	2	|7|3
3	490	TACAAGAAG	2	|1|0
4	436	GCTAAGTAG	2	|2|6
5	325	GACAACAAG	2	|1|5
6	268	GCCATGTAG	2	|4|6
7	135	GACAAGGAG	2	|6|1
8	248	GCTAAGAAC	2	|8|2
9	48	CCCACGAAG	2	|4|0
10	94	GCGAGGAAG	2	|4|2
11	283	CCCAAGAAA	2	|0|8
12	556	GTCAAAAAG	2	|1|5
13	215	GCGAAGAAA	2	|2|8
14	589	GGCAAGTAG	2	|1|6
15	546	GCCAATACG	2	|7|5
16	518	GCGAAGACG	2	|2|7
17	277	GCGTAGAAG	2	|2|3
18	510	CCCAAGATG	2	|0|7
19	430	GTAAAGAAG	2	|1|2