seq	pos	motif	mutations	mut_pos
X	X	ATCTGGCTCGTAGGGCA	0	
0	46	AGCTAGCTTGAAGTGCA	5	|13|1|10|8|4
1	258	AGGCGACTCGTAGGTCA	5	|14|3|1|2|5
2	433	CGGTGGCGCTTAGGGCA	5	|7|2|9|1|0
3	538	ATTTGGCTGTTCAGGCA	5	|2|9|11|8|12
4	95	ATGTGGCTTTGAGGGCG	5	|9|10|2|8|16
5	222	TTGTGGCACGTCGGGAA	5	|7|11|15|0|2
6	342	ACCGGGTCCGGAGGGCA	5	|6|1|7|10|3
7	44	ATCTAGCCAGAACGGCA	5	|4|8|10|7|12
8	180	CTTTGCCTCGTCGGGGA	5	|2|11|5|0|15
9	146	AACGTACTAGTAGGGCA	5	|3|1|8|4|5
10	252	ATCTCCCACGGAGAGCA	5	|4|7|13|10|5
11	408	TCCTGGCTCTTTAGGCA	5	|12|1|9|11|0
12	306	ATCCGGCACTGCGGGCA	5	|10|3|9|11|7
13	499	CATTCGCTCTTAGGGCA	5	|2|9|0|1|4
14	209	GCCTCGATTGTAGGGCA	5	|1|8|0|6|4
15	340	ATCTTGGTGCAAGGGCA	5	|10|9|6|8|4
16	82	AGACGGCTCGAAGGTCA	5	|3|1|10|2|14
17	295	ATCTGGCAAATTGCGCA	5	|9|8|11|13|7
18	410	ATCTGTCACGTTGTGCG	5	|5|16|7|13|11
19	229	ATCGGGCTCGTAAGTAG	5	|3|12|14|16|15