seq	pos	motif	mutations	mut_pos
X	X	TCCTACACTGTAGTGGT	0	
0	146	TGCTAGAGTGTAGTTGA	5	|1|16|7|14|5
1	362	TCCCGCACGGTGGTAGT	5	|11|14|4|3|8
2	352	TCCGACCCCGTAATGCT	5	|15|6|8|12|3
3	464	TCCTATGCGGAAATGGT	5	|12|6|10|5|8
4	215	CTCTTCACTATAGTTGT	5	|14|9|0|1|4
5	227	TCCAGAAATGTAGGGGT	5	|3|7|4|13|5
6	157	CGATACAGTGAAGTGGT	5	|2|1|10|7|0
7	469	TGCTCCAATGTAGAGGG	5	|13|1|16|7|4
8	222	CCCTTCACGTTAGTCGT	5	|14|0|9|8|4
9	106	TCCTATGCTGTGGGGCT	5	|6|13|5|11|15
10	36	TCCTTCAATGTGATGAT	5	|7|15|12|11|4
11	263	TCCTACTCTTTATGCGT	5	|13|9|14|12|6
12	114	TCCTGAAATGTAGCCGT	5	|4|7|5|13|14
13	527	TTCTTCGCTATTGTGGT	5	|4|9|1|11|6
14	9	TAATACACAGTGGCGGT	5	|13|2|8|1|11
15	171	ACCGACTCTGTGGTCGT	5	|0|6|14|3|11
16	16	TGCGACTCTGAAGTCGT	5	|6|1|3|14|10
17	212	TCCTACACAAAAGTAGA	5	|14|9|16|10|8
18	446	TACTACCTCGTAGTAGT	5	|7|8|1|14|6
19	339	TCCTACGATGTCGTAGA	5	|14|7|6|16|11