seq	pos	motif	mutations	mut_pos
X	X	CTTTAAATCGTCAGGTA	0	
0	124	CCTTAACTCGTCAGCGG	5	|15|14|16|1|6
1	75	CTTTAGATTGTCCGGGG	5	|15|8|5|16|12
2	89	ATTCAACTCGACAGCTA	5	|6|10|3|0|14
3	468	ATTTTAATCCTCAGATG	5	|9|4|16|14|0
4	148	CTTTGAATCGCCTGTCA	5	|10|4|14|12|15
5	488	CTTTATACCTCCGGGTA	5	|12|7|5|9|10
6	438	ATCCAAATCGTCTGGTT	5	|3|2|12|0|16
7	520	CCACAAATCGTCGGATA	5	|3|2|1|12|14
8	508	CGTTAGCTCGTCAGCTT	5	|14|5|6|16|1
9	488	CATTGAATCGCCAGGGC	5	|10|16|15|1|4
10	583	CTTTTCATCGGAAAGTA	5	|4|10|11|13|5
11	138	CTCTAAATCTTCAGAAG	5	|9|2|15|16|14
12	530	CTGCAGATCGTCAGTCA	5	|2|14|5|15|3
13	165	ATTTAAATCGTGAAGCC	5	|11|13|16|15|0
14	240	CTTTCAATCGATAGTAA	5	|4|11|10|15|14
15	114	CTGTAAATCGTATTGTT	5	|16|11|12|2|13
16	28	CTTAAATGCGTGAGCTA	5	|3|14|7|11|6
17	262	CACTTAATCGCCGGGTA	5	|10|4|12|2|1
18	496	CGATAAATTGTCAGAGA	5	|15|14|1|8|2
19	383	ATCCAAATTGTAAGGTA	5	|2|8|3|0|11