seq	pos	motif	mutations	mut_pos
X	X	GCAGTTGGTAGTTAGTG	0	
0	300	CCGGTTTGTAATAAGTG	5	|12|2|6|10|0
1	249	GAAATTGGGTGCTAGTG	5	|9|11|1|3|8
2	354	GTTGTTGGCAGTGCGTG	5	|1|2|13|12|8
3	386	GGAGTTAGAAGTTAGAT	5	|8|16|15|1|6
4	336	AAAGTTGTTAGTAGGTG	5	|0|7|1|12|13
5	581	CCAGTTGGTAGGTTGCT	5	|0|13|11|16|15
6	22	GAAGTTGGTACTTGGCC	5	|1|15|16|13|10
7	245	GCTGTAGCCACTTAGTG	5	|2|10|8|7|5
8	266	GCAATATGTAGTTACTT	5	|5|6|3|16|14
9	305	ACACTTGCGAGTTCGTG	5	|7|3|13|8|0
10	540	GAACATGGTAGGTACTG	5	|1|4|14|3|11
11	141	ATAGCTGGTAGTTATGG	5	|1|14|15|4|0
12	26	GCAGTTGGTCCGAAGCG	5	|15|9|10|12|11
13	471	TCAGTTAGTAGTGTGTT	5	|16|6|0|12|13
14	391	GTATTGCGTAGTTAGTT	5	|5|6|3|16|1
15	518	CTGGATGGTAATTAGTG	5	|2|1|0|10|4
16	519	GCAGTCTGCAGTCAGGG	5	|5|8|6|15|12
17	182	AAAATTGATAGATAGTG	5	|1|3|7|0|11
18	404	GCAGTTTCTAATAACTG	5	|10|14|12|6|7
19	554	GGTGTTGTTCGTTACTG	5	|7|14|1|9|2