seq	pos	motif	mutations	mut_pos
X	X	AGTTGACGGCGTAACGT	0	
0	19	AGTTGACAGCGGCCCTT	5	|12|13|15|11|7
1	134	TGTCGACAGGGGAACGT	5	|7|0|11|9|3
2	367	AGACGACAGCTAAACGT	5	|7|3|2|11|10
3	485	AGCTGACTGCGTGATGG	5	|14|7|2|12|16
4	107	AGTTGTCTGCGAATCGA	5	|11|5|13|7|16
5	295	GGATGACCACGTAACGC	5	|7|0|8|16|2
6	240	ACTTGAGGGCCACACGT	5	|1|6|11|10|12
7	566	AGGTGGCGGAGTGAAGT	5	|14|5|2|9|12
8	113	AGTTGTGTACGTAACCT	5	|15|8|7|5|6
9	311	AGCTTACGACGAACCGT	5	|2|13|4|11|8
10	465	AGTTTTTCTCGTAACGT	5	|5|7|6|8|4
11	509	CTATGATGGCGTTACGT	5	|1|12|6|2|0
12	217	ATTGAAAGGCGTAACGG	5	|16|4|1|6|3
13	262	AGTTGACGGCTTGTATT	5	|13|14|15|12|10
14	442	CGGCGGCGGAGTAACGT	5	|3|2|5|9|0
15	47	ACTTGCCTGCTTAACCT	5	|7|15|10|1|5
16	290	TCTTGATGGCATAATGT	5	|0|10|6|14|1
17	42	AGTTGAGAGCATTAAGT	5	|7|10|6|14|12
18	12	AATTGGTGTCGTAAAGT	5	|14|1|6|8|5
19	386	AGCCGATGGCATAACTT	5	|15|3|6|10|2