seq	pos	motif	mutations	mut_pos
X	X	TACTAGCCGTTGCCTAC	0	
0	308	TACTCACGGGTGTCTAC	5	|5|9|12|4|7
1	337	TCCTCGCCGTCGCCTCT	5	|4|16|10|15|1
2	532	TTTTAGCGGTTGCATAA	5	|2|1|16|7|13
3	372	TACTTACCCTTGCCAGC	5	|8|4|14|15|5
4	337	GACCAGGCGTGGCCTAT	5	|10|6|3|16|0
5	376	TAATAAAAGTCGCCTAC	5	|7|2|6|10|5
6	441	TTCTAGCCCTAACTTAC	5	|13|1|11|10|8
7	576	CACCACCCGTTGCGTCC	5	|15|5|13|0|3
8	292	TTGTAGCGGTAGCCTAT	5	|7|10|2|16|1
9	145	GTCTCGGCGTTGCATAC	5	|6|1|13|0|4
10	520	TAGTGGGCGATGCCTAT	5	|9|6|2|16|4
11	235	TTCTAGCCGTGGGACAC	5	|12|14|10|13|1
12	474	TACTTTACGATGTCTAC	5	|4|6|9|12|5
13	318	TTGTCGACGTAGCCTAC	5	|2|10|4|6|1
14	360	TTCTATCGACTGCCTAC	5	|9|8|7|1|5
15	194	TAGTAGTCCTTGCGTAG	5	|2|6|13|16|8
16	328	TATTAGCCATAGACCAC	5	|10|12|14|8|2
17	4	TATTACCGATTGTCTAC	5	|12|5|8|7|2
18	411	TACTATCCATCGAGTAC	5	|13|8|10|12|5
19	311	AACTAACCGTTGCATCG	5	|16|0|13|5|15