seq	pos	motif	mutations	mut_pos
X	X	ACCAACCTCTCCCCGCC	0	
0	413	GCCAACATCTCGACACC	5	|11|14|0|12|6
1	134	AGCTACCTCTCTCTACC	5	|13|1|11|3|14
2	305	AGCAACCACCCCCCTAC	5	|7|1|15|14|9
3	45	ATCTACCTTGCCCCGAC	5	|1|3|15|8|9
4	413	ACCACCCCCACACCACC	5	|4|14|11|7|9
5	500	ACCAACGACTCCTTCCC	5	|7|13|6|12|14
6	531	ACCACTCTCTGCACGGC	5	|10|5|12|4|15
7	538	AGCAATCTCTTCCTGTC	5	|1|5|13|10|15
8	265	ACTACCCATACCCCGCC	5	|4|8|2|9|7
9	189	ACTAACCACTGGCCACC	5	|7|10|2|11|14
10	469	ACGAACCTCTGCGGGCA	5	|12|10|13|2|16
11	295	AACAGCTGCTCGCCGCC	5	|7|4|6|1|11
12	309	ACCAAACTATGTCCGAC	5	|10|15|8|11|5
13	415	ACCAGCCTGTCGCGACC	5	|14|4|8|13|11
14	209	CCGAGTCTCTCACCGCC	5	|2|5|4|11|0
15	166	AGCAAACTCTCCTCATC	5	|5|12|1|15|14
16	264	ACCCACCCCCCTCCGCT	5	|11|9|7|16|3
17	286	ACCACGATCTTCCCACC	5	|14|6|5|4|10
18	514	ACCCTGCTATCCCCTCC	5	|3|14|4|8|5
19	32	ATCGACCACCCTCCGCC	5	|3|1|7|9|11