seq	pos	motif	mutations	mut_pos
X	X	ATCGTGCTGACTTCTCT	0	
0	345	ATAGGGCTGACATCAGT	5	|4|14|2|15|11
1	291	ATCGTCGTGTTCTCTCT	5	|6|10|9|11|5
2	147	ATAGAGCTGACAGATCT	5	|4|13|12|11|2
3	526	AGCGTGGTGACGTATCC	5	|13|6|11|1|16
4	459	CTCGTGCAGACAACACT	5	|14|12|11|0|7
5	458	ATCCTGTTGACCTATCG	5	|13|16|3|6|11
6	221	CTCGTACTGAACTCTTT	5	|11|0|10|15|5
7	31	ATCGTACGGAACTCTTT	5	|15|5|7|10|11
8	2	ATCCTGCTGATTCTTGT	5	|10|3|12|13|15
9	234	ATGGGGCTGAATTCTTA	5	|2|15|10|16|4
10	405	AACATCCTGTATTCTCT	5	|3|1|5|9|10
11	139	ATCTTTCTCAAGTCTCT	5	|8|3|5|11|10
12	411	ATTGTGGTGCTGTCTCT	5	|11|9|10|2|6
13	277	CGCCTGCTGGCGTCTCT	5	|0|11|9|1|3
14	21	TTCGTGCTCCCTTTGCT	5	|0|9|13|8|14
15	543	ACCAAGCACACTTCTCT	5	|1|8|3|7|4
16	399	ATAGGAACGACTTCTCT	5	|6|4|5|7|2
17	233	ATAGAGCTGACTTGGCA	5	|14|13|4|16|2
18	308	TTCGAGCTGAGTATTCT	5	|12|0|10|13|4
19	140	AAGGTGCGGACTTGTCC	5	|1|13|2|16|7