seq	pos	motif	mutations	mut_pos
X	X	CGCTGCGTAGATATTTT	0	
0	38	AGCAGTGAAGCTATTTT	5	|7|5|3|0|10
1	240	AGCTCCTTACGTATTTT	5	|0|9|6|10|4
2	316	CACTGCGTGGCTAACTT	5	|10|14|13|1|8
3	496	CGCTGCGCGGCTAATAT	5	|7|15|13|8|10
4	133	CGCTGCGTTGAGTCATT	5	|14|13|11|12|8
5	110	GGCTACGTTGAAATTAT	5	|0|11|15|8|4
6	432	GGCTGCCTCGATAGTTC	5	|6|13|8|16|0
7	275	CGCTCCTTAGGTAATCT	5	|10|4|15|13|6
8	25	TGCTTCATAGATAGGTT	5	|0|6|4|13|14
9	342	CGGTGAGTTGATTATTT	5	|13|5|12|8|2
10	103	CGCCGCATGTATAATTT	5	|6|3|13|8|9
11	476	TGCAGCTTACAAATTTT	5	|9|11|3|0|6
12	418	GGCAGCCCAGATATTAT	5	|7|15|0|6|3
13	16	CGGTCGGTAACTATTTT	5	|9|2|4|5|10
14	283	CGCTGCGAAGCTAACGT	5	|10|15|13|14|7
15	197	CGCTACGTACGTCTTGT	5	|9|10|15|12|4
16	104	CGCTGCGTCGAAACATC	5	|16|14|8|11|13
17	315	TCCTGCGTATATGTTGT	5	|1|12|9|0|15
18	553	GACTGCGTGGGTAGTTT	5	|13|0|1|10|8
19	114	GGCGGCGTTGATATTCG	5	|8|3|16|15|0