seq	pos	motif	mutations	mut_pos
X	X	CCAGTCGGCCTGTTCCT	0	
0	128	TCAGTCGGCATCCTGCT	5	|12|0|9|14|11
1	357	TCAATCGGTCTGGTCAT	5	|12|3|8|15|0
2	532	TCCGGAGACCTGTTCCT	5	|4|2|7|0|5
3	430	CCGGCCTGCTTGATCCT	5	|6|4|12|2|9
4	44	TCAGCCGTCTTGTTCAT	5	|9|0|4|7|15
5	216	TCAGTCAGGCTTTTACT	5	|14|11|6|8|0
6	297	CCGGTGTGTGTGTTCCT	5	|6|2|9|5|8
7	532	GCAGTCTGCCCATGCCT	5	|6|10|0|13|11
8	60	ATAGTTGTCCTGGTCCT	5	|0|7|5|12|1
9	371	TCGCTCGGCGTGTACCT	5	|0|13|2|3|9
10	98	CCTACGGGTCTGTTCCT	5	|8|4|3|2|5
11	519	CCCGTTGGGTTCTTCCT	5	|8|2|9|11|5
12	549	ACAGTCAATCTGTTCTT	5	|0|6|8|7|15
13	226	CCAGGCGCTATATTCCT	5	|11|7|8|4|9
14	208	CCAGTGGGCCTGGGAAT	5	|5|15|12|13|14
15	327	CGATTCAGGCTGTTACT	5	|1|3|14|8|6
16	213	GCAGTCGGCATGTGCGA	5	|9|0|15|16|13
17	492	CCATTCGGGAGGTTCGT	5	|9|8|10|3|15
18	263	TCAGTCGCCGAGTACCT	5	|9|7|0|10|13
19	374	GCAGGCGGCAAGTGCCT	5	|0|13|4|9|10