seq	pos	motif	mutations	mut_pos
X	X	CACGTAGCTGTCGATGC	0	
0	148	CCCGTCGATGTTCATGC	5	|5|1|7|12|11
1	470	CACTTTGATGTCCAAGC	5	|12|5|7|3|14
2	377	AATGTAGCTGTCTACAC	5	|14|0|2|15|12
3	5	CGCGTACCTAACGTTGC	5	|13|1|10|9|6
4	578	CACCTAGCTGTCAAGTT	5	|3|14|16|12|15
5	239	CTCGTACCCCCCGATGC	5	|8|10|9|1|6
6	236	AATGTAGTTGTCGCTTC	5	|0|7|2|13|15
7	455	ACCGTAGCCGTTGATCC	5	|1|11|0|8|15
8	288	CTAGGAGTTGTCGTTGC	5	|13|4|7|2|1
9	121	CTCATAGCTCTGGATAC	5	|11|9|1|3|15
10	462	CTCGTCGCTGTGGAGGG	5	|14|16|11|1|5
11	218	TACTTCGGTGGCGATGC	5	|3|7|5|0|10
12	130	CACGTAGCTGGCCAACA	5	|15|14|10|16|12
13	529	CACGGTGACGTCTATGC	5	|12|4|5|7|8
14	368	CACGTAGTACGCCATGC	5	|9|8|7|12|10
15	110	CACTTACCTGTCTATCA	5	|15|6|3|16|12
16	296	CACGTATATTTGTATGC	5	|11|7|9|12|6
17	292	CACGTCGCCGTGGGAGC	5	|11|13|5|14|8
18	140	CACGCTGCCGAAGATGC	5	|11|5|4|10|8
19	526	CTCGTAGGCGTTGATCC	5	|11|8|7|15|1