seq	pos	motif	mutations	mut_pos
X	X	CTCGAATCAAGGTTCAC	0	
0	316	CGTGAATAAACGTGCAC	5	|13|1|10|2|7
1	375	AGCGCATCAGGGTTCTC	5	|1|15|4|0|9
2	374	CATGAATGTAGGTTCGC	5	|7|8|15|2|1
3	119	GGCGGATCCTGGTTCAC	5	|9|4|1|8|0
4	203	TTAGAATCCAGGTGCAG	5	|0|13|2|16|8
5	4	CTCCAATCGAGGGACAA	5	|16|8|12|3|13
6	167	TTCTAATCGTGCTTCAC	5	|9|0|11|8|3
7	560	CTTGTATTCAGGGTCAC	5	|8|4|2|7|12
8	348	CGAAAATCAACGCTCAC	5	|2|12|10|1|3
9	542	GGCGATTCAAGATCCAC	5	|11|5|0|13|1
10	274	GGCGAATGAAGGCTGAC	5	|12|0|7|1|14
11	331	ATCGTATCAGGGTACCC	5	|13|4|9|15|0
12	377	CTAGAACGATAGTTCAC	5	|7|2|9|10|6
13	208	TGCCAATCAGGGTTCAA	5	|9|0|3|16|1
14	266	CTGGTATCATGGCTCTC	5	|2|4|9|15|12
15	454	CTCTATTCAACGTTGAG	5	|3|16|14|5|10
16	120	CTAGAATGGAGTTTCAT	5	|2|7|16|11|8
17	123	CGCGAATGTAGGTCGAC	5	|1|7|14|13|8
18	517	CTCTATTAAAGGTGCTC	5	|7|13|3|5|15
19	161	CTCGAGTTCAGGTTCTT	5	|8|7|16|15|5