seq	pos	motif	mutations	mut_pos
X	X	TCATCCAGGGTACAGTA	0	
0	527	TCATTTAGGTTACAGAT	5	|16|4|15|9|5
1	333	TCATTCATGCTGCAGGA	5	|7|4|9|11|15
2	564	TACTCCAGGGTCCTGAA	5	|15|1|11|13|2
3	506	TCTTCCTTGGTACTGGA	5	|7|13|15|2|6
4	153	TCATCCCGAGGATGGTA	5	|10|8|6|12|13
5	372	TTATCAAGGGCGCAGAA	5	|10|15|1|11|5
6	567	TCATCCACGGCACGACA	5	|14|7|15|13|10
7	574	GCATCCGGGGTACGGAT	5	|16|6|15|13|0
8	79	TCTATCCGGGTACAGTC	5	|4|16|2|6|3
9	538	CCCTCCGGGGTACTGGA	5	|15|2|13|6|0
10	184	CCATCCAGAATACGCTA	5	|0|14|8|13|9
11	124	TAATTCAGGGGACTGTG	5	|4|10|1|16|13
12	116	TCGGCCAGGTTACCATA	5	|9|2|14|3|13
13	533	TGTTCCGGGGGACTGTA	5	|2|6|1|10|13
14	183	TCCGCCGGGGGCCAGTA	5	|11|2|10|3|6
15	564	ACTTCGAGGGTTCAGGA	5	|2|0|15|5|11
16	401	TCGTCCAGTGGTCAGTT	5	|10|16|11|2|8
17	17	TCGTCGAGGCTATGGTA	5	|13|9|12|2|5
18	199	ACAGCCGGGGTATAGAA	5	|3|12|6|15|0
19	306	TCGCCTAGGTTTCAGTA	5	|11|9|3|2|5