seq	pos	motif	mutations	mut_pos
X	X	ACGCAGCGCTAGGACGG	0	
0	225	ATACAGGGTGAGGACGG	5	|9|8|6|1|2
1	216	GGGCAGCGATAGAACTG	5	|8|1|12|15|0
2	454	ACGCATATCTGGGACGA	5	|10|6|16|5|7
3	329	TCGCAGCGGTGGGGCTG	5	|13|0|10|15|8
4	516	TCGCAGCGGTAGGGCTA	5	|15|8|0|16|13
5	341	AGGCAGCGCTGGTCCCG	5	|13|12|1|10|15
6	294	TGGCAACGCTAGGACCC	5	|1|15|5|16|0
7	475	AAAGAGCGGTAGAACGG	5	|2|12|8|1|3
8	496	ATGCTTCGCTACTACGG	5	|5|1|11|4|12
9	342	ACGGAGCGCTCGAAGAG	5	|14|10|12|3|15
10	309	ATGTAGTGCGCGGACGG	5	|10|9|6|1|3
11	220	ACGCACCGCTTAGATGA	5	|14|16|10|5|11
12	116	ACGTGGCCCTAGGGCTG	5	|15|13|4|3|7
13	349	AGGAAGCGCTTGGACTT	5	|15|10|16|3|1
14	351	ACTCAACCCTAGGAGGA	5	|5|14|16|7|2
15	423	ACATAGCGCTTGGGAGG	5	|2|3|13|10|14
16	168	CCGCAGGGATCGGACCG	5	|10|15|0|8|6
17	276	ACCCAGATCCAGGACGT	5	|7|2|16|9|6
18	537	ATGCCGTCCGAGGACGG	5	|4|1|6|9|7
19	463	ACGCAGCGCCGGGTATG	5	|14|15|13|10|9