seq	pos	motif	mutations	mut_pos
X	X	CAAGTCGGGCGCGGTAT	0	
0	383	CTAGACGGGCGAGGTCA	5	|1|16|4|15|11
1	48	TAAGTTAGGCGTGGTAA	5	|5|0|16|6|11
2	570	TAGGTCGGTTGTGGTAT	5	|9|8|0|11|2
3	220	GAGGACGGGGGCAGTAT	5	|12|0|9|4|2
4	236	CGAGTGCGGCGCCGTCT	5	|6|5|12|1|15
5	286	CAAGTTCGTCTCGGTAC	5	|16|5|6|10|8
6	438	CCCGTCGGGAGTGGCAT	5	|14|9|2|1|11
7	218	ACAGTGGAGCGCGGTAG	5	|7|0|5|1|16
8	26	AAAGTTCGGCACGGTAG	5	|5|6|16|10|0
9	72	CATGTAGGAAGCGGGAT	5	|5|2|14|9|8
10	124	GAAGTCCTGATCGGTAT	5	|0|6|9|7|10
11	143	TATGTCGGGTGCAATAT	5	|0|12|13|2|9
12	139	TAGGGCGGTTGCGGTAT	5	|9|8|4|0|2
13	321	CCAGTCCGGAGTGTTAT	5	|13|1|6|9|11
14	463	GAAACCGGGCCCGTTAT	5	|13|10|4|3|0
15	425	CAAGAACGCCGTGGTAT	5	|6|8|11|4|5
16	88	GCAGACGGTCGCGGCAT	5	|4|0|1|8|14
17	492	CAAATCGTTCGCGGGAA	5	|8|7|14|16|3
18	70	CAAGACGGACGCGATGC	5	|4|15|8|16|13
19	142	CAAGTTGGACACAGTAC	5	|5|12|8|16|10