seq	pos	motif	mutations	mut_pos
X	X	ATGTCACATCCATACGC	0	
0	132	ATATGTCATCCATGCCC	5	|13|5|2|15|4
1	155	CTTTCACTTCTATATGC	5	|7|10|2|14|0
2	530	ATGAAGCACCCATGCGC	5	|13|4|8|5|3
3	91	TTGTCACACCCCCCCGC	5	|8|13|11|12|0
4	395	ATGACACAGACAGCCGC	5	|13|3|9|8|12
5	288	CTTTCAGATACATTCGC	5	|6|2|13|0|9
6	54	TTGACAGATACATACGT	5	|6|0|3|9|16
7	513	TCTTCACACCCATACTC	5	|1|2|0|8|15
8	4	TTGCCACATACATATCC	5	|15|3|14|9|0
9	280	AGGCCACAGCCATATTC	5	|14|15|8|1|3
10	227	ATAGCACATCCTTAACC	5	|11|3|14|15|2
11	91	ATTGCACATCCCAAAGC	5	|12|2|3|14|11
12	562	ATGAGACATCCATGTGA	5	|3|13|14|16|4
13	495	CCTTCACAGCAATACGC	5	|1|10|2|0|8
14	207	ATATCATAGACCTACGC	5	|2|9|11|6|8
15	521	GTGTCGCATCCATAGCG	5	|0|5|14|15|16
16	427	CAGTCACGTACATCCGC	5	|1|7|0|13|9
17	225	ATGCCACACTCCTACTC	5	|15|9|8|11|3
18	326	ACGTAACATCCAGACTA	5	|16|15|4|12|1
19	527	ACATCACATCCATGAGT	5	|14|16|1|2|13