seq	pos	motif	mutations	mut_pos
X	X	ACCCTTTATAACGAAGA	0	
0	92	TCCCGTCATAACGAAAG	5	|16|0|6|15|4
1	482	ACTCTTTATAAGGGGGG	5	|11|16|14|13|2
2	29	ACCCTTCACATAGATGA	5	|11|6|14|10|8
3	308	ACCGTTCATAACCAGAA	5	|14|6|15|12|3
4	498	AACATTTCTAGCGACGA	5	|1|3|10|14|7
5	179	AACCTGTATAATCTAGA	5	|13|12|5|11|1
6	322	TCCTGTCATACCGAAGA	5	|10|0|4|6|3
7	320	GCGCTATTTGACGAAGA	5	|0|9|5|7|2
8	249	AGCCCTAATAACGCAAA	5	|4|6|13|15|1
9	129	ATCCTTTGGAACTTAGA	5	|12|8|7|13|1
10	38	TCGCTTTATATCGCAGC	5	|10|0|13|16|2
11	473	ACTCGTTATGTCTAAGA	5	|9|12|4|10|2
12	562	ACCCGTCATGTCGTAGA	5	|9|13|10|4|6
13	117	ACACTTATCAACGAAGC	5	|16|8|6|2|7
14	321	ACTGTTTATGACAAAAA	5	|9|15|12|3|2
15	338	CCCCTGCCGAACGAAGA	5	|6|8|0|5|7
16	165	ACCCCTTCTCAGGAAGC	5	|4|16|11|9|7
17	149	ACCTGTTATAAGCAACA	5	|3|4|11|15|12
18	498	CCTCTTTAGAACTACGA	5	|8|12|2|14|0
19	354	ACCGCTTTTAAGGAAAA	5	|15|3|7|11|4