seq	pos	motif	mutations	mut_pos
X	X	AGAGTCGGTGTTGCGGT	0	
0	299	AGAGACCCTGTTTCGAT	5	|6|7|15|12|4
1	253	AGAGTGGGTCTTGGCGC	5	|9|5|16|13|14
2	171	CGAGATGGAGTTGCTGT	5	|8|5|0|4|14
3	344	AGTCTGCGTGTTCCGGT	5	|5|12|2|3|6
4	289	AAATTCAGTGTGGGGGT	5	|1|6|11|13|3
5	196	GCAGTCGAAGTTGCGGA	5	|1|7|0|8|16
6	33	ATATTAGGTGTGGCGGG	5	|5|16|11|1|3
7	159	AGTGTAGGAGTAGCGCT	5	|5|2|11|15|8
8	34	TGAGTCGGTCACGAGGT	5	|9|11|10|13|0
9	337	ATAGACGGTGTAAGGGT	5	|12|1|11|4|13
10	184	TGCAGGGGTGTTGCGGT	5	|4|2|3|0|5
11	295	AGAGTGTCTGCCGCGGT	5	|7|6|11|5|10
12	192	AGCGACGCTGTTGCGAA	5	|2|7|15|4|16
13	189	CGAGCCAGTGTAGCGAT	5	|11|0|15|6|4
14	6	ACGATCGGTCTTGCGGC	5	|3|2|9|1|16
15	183	AAAGTGGGAGCAGCGGT	5	|10|5|8|11|1
16	94	AGTGTCGCGGCTACGGT	5	|12|2|10|7|8
17	286	ATAGTCTAGGTTGTGGT	5	|1|8|13|6|7
18	372	AGAATCGCTTTTGTGCT	5	|7|13|15|9|3
19	329	TGTGACGGGGTGGCGGT	5	|4|11|0|8|2