seq	pos	motif	mutations	mut_pos
X	X	GTCGTTGGTAGATCGCC	0	
0	255	GTACTCGGCAGATGGCC	5	|3|8|5|13|2
1	297	GCTCTTGGTAAATGGCC	5	|2|1|3|10|13
2	511	GTAGTTGGTAATCCGCT	5	|16|10|12|2|11
3	332	TGCGTTCGTAGATTTCC	5	|13|14|0|1|6
4	230	GTGGTTGGCAACTCGCT	5	|10|16|8|2|11
5	276	GTGGTTGGCGGATTGGC	5	|15|13|8|2|9
6	172	TGCGTTGTCAGATTGCC	5	|7|8|1|13|0
7	243	ATCGTGGGAAGATAACC	5	|14|0|8|5|13
8	505	ATCGGTGCTAGGTCGCA	5	|16|0|7|4|11
9	175	CTCGGTTGTATAACGCC	5	|10|4|0|12|6
10	453	GTCGTTGTGAGACAGCG	5	|8|13|16|12|7
11	479	TACGTCGATAGATCGAC	5	|1|0|15|7|5
12	501	GGAGGTTGTAGAGCGCC	5	|4|6|2|1|12
13	187	ATCCTTCGAAGATCCCC	5	|6|3|8|14|0
14	15	GTCCGTGGGAGATGTCC	5	|4|14|13|3|8
15	569	GTCTTTGATCGAGAGCC	5	|3|13|12|9|7
16	565	GCAGTTGCCAGATCACC	5	|2|8|1|14|7
17	41	TCAATTGGTAGATCGCT	5	|0|2|3|1|16
18	307	GTCGTGGTAAGATCACG	5	|5|14|8|7|16
19	63	ATCGATGGTAGCCCGCT	5	|4|0|12|11|16