seq	pos	motif	mutations	mut_pos
X	X	TCGAACACCCAGGTCTC	0	
0	49	ACGAACATCCTGGTTTG	5	|0|7|16|10|14
1	399	GCGAACCCTCAGGTCGT	5	|15|0|16|6|8
2	579	TCGAACTTCCGTGTGTC	5	|10|14|11|7|6
3	430	TCATATACCATGGTCTC	5	|9|3|5|10|2
4	206	TCGAACACCCCGATGAG	5	|14|10|15|12|16
5	147	TCGTCCACCTAGGTTAC	5	|9|14|3|4|15
6	196	TCGAATACGTGGGTCCC	5	|15|5|8|9|10
7	459	TTGAACATCCAGGGTTG	5	|16|14|7|1|13
8	108	TGCTATAGCCAGGTCTC	5	|3|1|5|7|2
9	209	TTCATCAGCCAGCTCTC	5	|2|4|12|1|7
10	169	CCGAACTACAAGGTCAC	5	|6|7|15|9|0
11	449	TTGAACCCCCAGGTTGG	5	|15|6|14|1|16
12	235	TCGCACACCTTGGCCCC	5	|15|9|13|3|10
13	144	TCAGATATCCATGTCTC	5	|11|5|2|7|3
14	541	ATGAACACCCGTGTCGC	5	|15|10|11|1|0
15	458	TATATCACCTATGTCTC	5	|9|1|11|4|2
16	518	TCCAAGAGCCAGTTATC	5	|14|2|5|12|7
17	210	TTGTACACGTAGGACTC	5	|1|9|3|8|13
18	251	TCGGCGACCCATGTCTA	5	|3|16|4|5|11
19	436	TGGATCCCCCAGGAATC	5	|1|13|4|6|14